---CIUDADES
Insert into SYSTEM.CIUDADES (ID,NOMBRE,PAIS) values ('1','ARMENIA','COLOMBIA');
Insert into SYSTEM.CIUDADES (ID,NOMBRE,PAIS) values ('2','PUERTO ASIS','COLOMBIA');
Insert into SYSTEM.CIUDADES (ID,NOMBRE,PAIS) values ('3','EL BANCO','COLOMBIA');
Insert into SYSTEM.CIUDADES (ID,NOMBRE,PAIS) values ('4','BUCARAMANGA','COLOMBIA');
Insert into SYSTEM.CIUDADES (ID,NOMBRE,PAIS) values ('5','BOGOTA','COLOMBIA');
Insert into SYSTEM.CIUDADES (ID,NOMBRE,PAIS) values ('6','BARRANQUILLA','COLOMBIA');
Insert into SYSTEM.CIUDADES (ID,NOMBRE,PAIS) values ('7','BAHIA SOLANO','COLOMBIA');
Insert into SYSTEM.CIUDADES (ID,NOMBRE,PAIS) values ('8','BUENAVENTURA','COLOMBIA');
Insert into SYSTEM.CIUDADES (ID,NOMBRE,PAIS) values ('9','CUCUTA','COLOMBIA');
Insert into SYSTEM.CIUDADES (ID,NOMBRE,PAIS) values ('10','CONDOTO','COLOMBIA');
Insert into SYSTEM.CIUDADES (ID,NOMBRE,PAIS) values ('11','CARTAGENA','COLOMBIA');
Insert into SYSTEM.CIUDADES (ID,NOMBRE,PAIS) values ('12','CALI','COLOMBIA');
Insert into SYSTEM.CIUDADES (ID,NOMBRE,PAIS) values ('13','TUMACO','COLOMBIA');
Insert into SYSTEM.CIUDADES (ID,NOMBRE,PAIS) values ('14','COROZAL','COLOMBIA');
Insert into SYSTEM.CIUDADES (ID,NOMBRE,PAIS) values ('15','BARRANCABERMEJA','COLOMBIA');
Insert into SYSTEM.CIUDADES (ID,NOMBRE,PAIS) values ('16','FLORENCIA','COLOMBIA');
Insert into SYSTEM.CIUDADES (ID,NOMBRE,PAIS) values ('17','SAN FELIX','COLOMBIA');
Insert into SYSTEM.CIUDADES (ID,NOMBRE,PAIS) values ('18','GIRARDOT','COLOMBIA');
Insert into SYSTEM.CIUDADES (ID,NOMBRE,PAIS) values ('19','CARTAGO','COLOMBIA');
Insert into SYSTEM.CIUDADES (ID,NOMBRE,PAIS) values ('20','GUAPI','COLOMBIA');
Insert into SYSTEM.CIUDADES (ID,NOMBRE,PAIS) values ('21','GUAYMARAL','COLOMBIA');
Insert into SYSTEM.CIUDADES (ID,NOMBRE,PAIS) values ('22','IBAGUE','COLOMBIA');
Insert into SYSTEM.CIUDADES (ID,NOMBRE,PAIS) values ('23','IPIALES','COLOMBIA');
Insert into SYSTEM.CIUDADES (ID,NOMBRE,PAIS) values ('24','CAREPA','COLOMBIA');
Insert into SYSTEM.CIUDADES (ID,NOMBRE,PAIS) values ('25','LA MINA','COLOMBIA');
Insert into SYSTEM.CIUDADES (ID,NOMBRE,PAIS) values ('26','LETICIA','COLOMBIA');
Insert into SYSTEM.CIUDADES (ID,NOMBRE,PAIS) values ('27','MEDELLIN','COLOMBIA');
Insert into SYSTEM.CIUDADES (ID,NOMBRE,PAIS) values ('28','MAGANGUE','COLOMBIA');
Insert into SYSTEM.CIUDADES (ID,NOMBRE,PAIS) values ('29','MONTERIA','COLOMBIA');
Insert into SYSTEM.CIUDADES (ID,NOMBRE,PAIS) values ('30','MITU','COLOMBIA');
Insert into SYSTEM.CIUDADES (ID,NOMBRE,PAIS) values ('31','MANIZALES','COLOMBIA');
Insert into SYSTEM.CIUDADES (ID,NOMBRE,PAIS) values ('32','NEIVA','COLOMBIA');
Insert into SYSTEM.CIUDADES (ID,NOMBRE,PAIS) values ('33','OCANA','COLOMBIA');
Insert into SYSTEM.CIUDADES (ID,NOMBRE,PAIS) values ('34','OTU','COLOMBIA');
Insert into SYSTEM.CIUDADES (ID,NOMBRE,PAIS) values ('35','PUERTO BOLIVAR','COLOMBIA');
Insert into SYSTEM.CIUDADES (ID,NOMBRE,PAIS) values ('36','PUERTO CARRENO','COLOMBIA');
Insert into SYSTEM.CIUDADES (ID,NOMBRE,PAIS) values ('37','PEREIRA','COLOMBIA');
Insert into SYSTEM.CIUDADES (ID,NOMBRE,PAIS) values ('38','PITALITO','COLOMBIA');
Insert into SYSTEM.CIUDADES (ID,NOMBRE,PAIS) values ('39','POPAYAN','COLOMBIA');
Insert into SYSTEM.CIUDADES (ID,NOMBRE,PAIS) values ('40','PASTO','COLOMBIA');
Insert into SYSTEM.CIUDADES (ID,NOMBRE,PAIS) values ('41','PROVIDENCIA','COLOMBIA');
Insert into SYSTEM.CIUDADES (ID,NOMBRE,PAIS) values ('42','MARIQUITA','COLOMBIA');
Insert into SYSTEM.CIUDADES (ID,NOMBRE,PAIS) values ('43','RIO NEGRO','COLOMBIA');
Insert into SYSTEM.CIUDADES (ID,NOMBRE,PAIS) values ('44','RIO HACHA','COLOMBIA');
Insert into SYSTEM.CIUDADES (ID,NOMBRE,PAIS) values ('45','SARAVENA','COLOMBIA');
Insert into SYSTEM.CIUDADES (ID,NOMBRE,PAIS) values ('46','SAN JOSE DEL GUAVIARE','COLOMBIA');
Insert into SYSTEM.CIUDADES (ID,NOMBRE,PAIS) values ('47','SANTA MARTA','COLOMBIA');
Insert into SYSTEM.CIUDADES (ID,NOMBRE,PAIS) values ('48','SAN ANDRES ISLAND','COLOMBIA');
Insert into SYSTEM.CIUDADES (ID,NOMBRE,PAIS) values ('49','SAN VINCENTE DE CAGUAN','COLOMBIA');
Insert into SYSTEM.CIUDADES (ID,NOMBRE,PAIS) values ('50','TRINIDAD','COLOMBIA');



--AEROPUERTOS
Insert into SYSTEM.AEROPUERTOS (ID,NOMBRE,LONGITUD,LATITUD,ID_CIUDAD) values ('1','EL DORADO','0','0','2');
Insert into SYSTEM.AEROPUERTOS (ID,NOMBRE,LONGITUD,LATITUD,ID_CIUDAD) values ('2','MADANG','145.789','-5.207','3');
Insert into SYSTEM.AEROPUERTOS (ID,NOMBRE,LONGITUD,LATITUD,ID_CIUDAD) values ('3','MOUNT HAGEN','144.296','-5.826','4');
Insert into SYSTEM.AEROPUERTOS (ID,NOMBRE,LONGITUD,LATITUD,ID_CIUDAD) values ('4','NADZAB','146.726','-6.57','5');
Insert into SYSTEM.AEROPUERTOS (ID,NOMBRE,LONGITUD,LATITUD,ID_CIUDAD) values ('5','PORT MORESBY JACKSONS INTERNATIONAL','147.22','-9.443','6');
Insert into SYSTEM.AEROPUERTOS (ID,NOMBRE,LONGITUD,LATITUD,ID_CIUDAD) values ('6','JOSE MARIA CORDOVA','0','0','7');
Insert into SYSTEM.AEROPUERTOS (ID,NOMBRE,LONGITUD,LATITUD,ID_CIUDAD) values ('7','WEWAK INTERNATIONAL','143.669','-3.584','8');
Insert into SYSTEM.AEROPUERTOS (ID,NOMBRE,LONGITUD,LATITUD,ID_CIUDAD) values ('8','PALO NEGRO','0','0','9');
Insert into SYSTEM.AEROPUERTOS (ID,NOMBRE,LONGITUD,LATITUD,ID_CIUDAD) values ('9','GUSTAVO ROJAS PINILLA','0','0','10');
Insert into SYSTEM.AEROPUERTOS (ID,NOMBRE,LONGITUD,LATITUD,ID_CIUDAD) values ('10','LA FLORIDA','0','0','11');
Insert into SYSTEM.AEROPUERTOS (ID,NOMBRE,LONGITUD,LATITUD,ID_CIUDAD) values ('11','NARSARSUAQ','45.427','61.161','12');
Insert into SYSTEM.AEROPUERTOS (ID,NOMBRE,LONGITUD,LATITUD,ID_CIUDAD) values ('12','JOSE CELESTINO MUTIS','0','0','13');
Insert into SYSTEM.AEROPUERTOS (ID,NOMBRE,LONGITUD,LATITUD,ID_CIUDAD) values ('13','NERLERIT INAAT CONSTABLE PYNT','22.646','70.739','14');
Insert into SYSTEM.AEROPUERTOS (ID,NOMBRE,LONGITUD,LATITUD,ID_CIUDAD) values ('14','EL EMBRUJO','0','0','15');
Insert into SYSTEM.AEROPUERTOS (ID,NOMBRE,LONGITUD,LATITUD,ID_CIUDAD) values ('15','TRES DE MAYO','0','0','16');
Insert into SYSTEM.AEROPUERTOS (ID,NOMBRE,LONGITUD,LATITUD,ID_CIUDAD) values ('16','SAN LUIS','0','0','17');
Insert into SYSTEM.AEROPUERTOS (ID,NOMBRE,LONGITUD,LATITUD,ID_CIUDAD) values ('17','ANTONIO NARIÑO','0','0','18');
Insert into SYSTEM.AEROPUERTOS (ID,NOMBRE,LONGITUD,LATITUD,ID_CIUDAD) values ('18','EL CARAÑO','0','0','19');
Insert into SYSTEM.AEROPUERTOS (ID,NOMBRE,LONGITUD,LATITUD,ID_CIUDAD) values ('19','MANDINGA','0','0','20');
Insert into SYSTEM.AEROPUERTOS (ID,NOMBRE,LONGITUD,LATITUD,ID_CIUDAD) values ('20','EL TOMIN','0','0','21');
Insert into SYSTEM.AEROPUERTOS (ID,NOMBRE,LONGITUD,LATITUD,ID_CIUDAD) values ('21','NUUK','51.678','64.191','22');
Insert into SYSTEM.AEROPUERTOS (ID,NOMBRE,LONGITUD,LATITUD,ID_CIUDAD) values ('22','CAUCAYA','0','0','23');
Insert into SYSTEM.AEROPUERTOS (ID,NOMBRE,LONGITUD,LATITUD,ID_CIUDAD) values ('23','OTÚ','0','0','24');
Insert into SYSTEM.AEROPUERTOS (ID,NOMBRE,LONGITUD,LATITUD,ID_CIUDAD) values ('24','AGUAS CLARAS','0','0','25');
Insert into SYSTEM.AEROPUERTOS (ID,NOMBRE,LONGITUD,LATITUD,ID_CIUDAD) values ('25','PUERTO BOLIVAR','0','0','26');
Insert into SYSTEM.AEROPUERTOS (ID,NOMBRE,LONGITUD,LATITUD,ID_CIUDAD) values ('26','CONTADOR','0','0','27');
Insert into SYSTEM.AEROPUERTOS (ID,NOMBRE,LONGITUD,LATITUD,ID_CIUDAD) values ('27','JACOBSHAVN','51.067','69.233','28');
Insert into SYSTEM.AEROPUERTOS (ID,NOMBRE,LONGITUD,LATITUD,ID_CIUDAD) values ('28','GERMAN OLANO','0','0','29');
Insert into SYSTEM.AEROPUERTOS (ID,NOMBRE,LONGITUD,LATITUD,ID_CIUDAD) values ('29','KULUSUK','37.15','65.583','30');
Insert into SYSTEM.AEROPUERTOS (ID,NOMBRE,LONGITUD,LATITUD,ID_CIUDAD) values ('30','LOS COLONIZADORES','0','0','31');
Insert into SYSTEM.AEROPUERTOS (ID,NOMBRE,LONGITUD,LATITUD,ID_CIUDAD) values ('31','EL PINDO','0','0','32');
Insert into SYSTEM.AEROPUERTOS (ID,NOMBRE,LONGITUD,LATITUD,ID_CIUDAD) values ('32','HUCARITAMA','0','0','33');
Insert into SYSTEM.AEROPUERTOS (ID,NOMBRE,LONGITUD,LATITUD,ID_CIUDAD) values ('33','LOS POZOS','0','0','34');
Insert into SYSTEM.AEROPUERTOS (ID,NOMBRE,LONGITUD,LATITUD,ID_CIUDAD) values ('34','PUERTO RICO','0','0','35');
Insert into SYSTEM.AEROPUERTOS (ID,NOMBRE,LONGITUD,LATITUD,ID_CIUDAD) values ('35','LOS POZOS','0','0','36');
Insert into SYSTEM.AEROPUERTOS (ID,NOMBRE,LONGITUD,LATITUD,ID_CIUDAD) values ('36','SANTA ANA','0','0','37');
Insert into SYSTEM.AEROPUERTOS (ID,NOMBRE,LONGITUD,LATITUD,ID_CIUDAD) values ('37','LA NUBIA','0','0','38');
Insert into SYSTEM.AEROPUERTOS (ID,NOMBRE,LONGITUD,LATITUD,ID_CIUDAD) values ('38','LAS BRUJAS','0','0','39');
Insert into SYSTEM.AEROPUERTOS (ID,NOMBRE,LONGITUD,LATITUD,ID_CIUDAD) values ('39','KANGERLUSSUAQ SONDRE STROMFJORD','50.689','67.017','40');
Insert into SYSTEM.AEROPUERTOS (ID,NOMBRE,LONGITUD,LATITUD,ID_CIUDAD) values ('40','PERALES','0','0','41');
Insert into SYSTEM.AEROPUERTOS (ID,NOMBRE,LONGITUD,LATITUD,ID_CIUDAD) values ('41','BENITO SALAS','0','0','42');
Insert into SYSTEM.AEROPUERTOS (ID,NOMBRE,LONGITUD,LATITUD,ID_CIUDAD) values ('42','THULE AIR BASE','68.703','76.531','43');
Insert into SYSTEM.AEROPUERTOS (ID,NOMBRE,LONGITUD,LATITUD,ID_CIUDAD) values ('43','LOS GARZONES','0','0','44');
Insert into SYSTEM.AEROPUERTOS (ID,NOMBRE,LONGITUD,LATITUD,ID_CIUDAD) values ('44','MATECAÑA','0','0','45');
Insert into SYSTEM.AEROPUERTOS (ID,NOMBRE,LONGITUD,LATITUD,ID_CIUDAD) values ('45','OLAYA HERRERA','0','0','46');
Insert into SYSTEM.AEROPUERTOS (ID,NOMBRE,LONGITUD,LATITUD,ID_CIUDAD) values ('46','CAMILO DAZA','0','0','47');
Insert into SYSTEM.AEROPUERTOS (ID,NOMBRE,LONGITUD,LATITUD,ID_CIUDAD) values ('47','AKUREYRI','18.072','65.66','48');
Insert into SYSTEM.AEROPUERTOS (ID,NOMBRE,LONGITUD,LATITUD,ID_CIUDAD) values ('48','SANTIAGO PERÉZ','0','0','49');
Insert into SYSTEM.AEROPUERTOS (ID,NOMBRE,LONGITUD,LATITUD,ID_CIUDAD) values ('49','ALMIRANTE PADILLA','0','0','50');
Insert into SYSTEM.AEROPUERTOS (ID,NOMBRE,LONGITUD,LATITUD,ID_CIUDAD) values ('50','EGILSSTADIR','14.401','65.283','1');

--RUTAS
Insert into SYSTEM.RUTAS (ID,DURACION_PROMEDIO,DISTANCIA,NUMERO_DE_VUELO,ID_AEROPUERTO_ORIGEN,ID_AEROPUERTO_DESTINO) values ('1','8','419KM','A20N _ 12','3','28');
Insert into SYSTEM.RUTAS (ID,DURACION_PROMEDIO,DISTANCIA,NUMERO_DE_VUELO,ID_AEROPUERTO_ORIGEN,ID_AEROPUERTO_DESTINO) values ('2','2','132KM','A20N _ 12','8','7');
Insert into SYSTEM.RUTAS (ID,DURACION_PROMEDIO,DISTANCIA,NUMERO_DE_VUELO,ID_AEROPUERTO_ORIGEN,ID_AEROPUERTO_DESTINO) values ('3','5','356KM','A20N _ 12','18','6');
Insert into SYSTEM.RUTAS (ID,DURACION_PROMEDIO,DISTANCIA,NUMERO_DE_VUELO,ID_AEROPUERTO_ORIGEN,ID_AEROPUERTO_DESTINO) values ('4','6','398KM','A20N _ 12','20','9');
Insert into SYSTEM.RUTAS (ID,DURACION_PROMEDIO,DISTANCIA,NUMERO_DE_VUELO,ID_AEROPUERTO_ORIGEN,ID_AEROPUERTO_DESTINO) values ('5','8','419KM','A20N _ 12','5','38');
Insert into SYSTEM.RUTAS (ID,DURACION_PROMEDIO,DISTANCIA,NUMERO_DE_VUELO,ID_AEROPUERTO_ORIGEN,ID_AEROPUERTO_DESTINO) values ('6','10','632KM','A20N _ 12','34','9');
Insert into SYSTEM.RUTAS (ID,DURACION_PROMEDIO,DISTANCIA,NUMERO_DE_VUELO,ID_AEROPUERTO_ORIGEN,ID_AEROPUERTO_DESTINO) values ('7','8','419KM','A20N _ 12','8','21');
Insert into SYSTEM.RUTAS (ID,DURACION_PROMEDIO,DISTANCIA,NUMERO_DE_VUELO,ID_AEROPUERTO_ORIGEN,ID_AEROPUERTO_DESTINO) values ('8','16','838KM','A20N _ 12','4','45');
Insert into SYSTEM.RUTAS (ID,DURACION_PROMEDIO,DISTANCIA,NUMERO_DE_VUELO,ID_AEROPUERTO_ORIGEN,ID_AEROPUERTO_DESTINO) values ('9','4','265KM','A20N _ 12','6','34');
Insert into SYSTEM.RUTAS (ID,DURACION_PROMEDIO,DISTANCIA,NUMERO_DE_VUELO,ID_AEROPUERTO_ORIGEN,ID_AEROPUERTO_DESTINO) values ('10','8','419KM','A20N _ 12','21','5');
Insert into SYSTEM.RUTAS (ID,DURACION_PROMEDIO,DISTANCIA,NUMERO_DE_VUELO,ID_AEROPUERTO_ORIGEN,ID_AEROPUERTO_DESTINO) values ('11','18','1022KM','A20N _ 12','4','5');
Insert into SYSTEM.RUTAS (ID,DURACION_PROMEDIO,DISTANCIA,NUMERO_DE_VUELO,ID_AEROPUERTO_ORIGEN,ID_AEROPUERTO_DESTINO) values ('12','21','1465KM','A20N _ 12','5','8');
Insert into SYSTEM.RUTAS (ID,DURACION_PROMEDIO,DISTANCIA,NUMERO_DE_VUELO,ID_AEROPUERTO_ORIGEN,ID_AEROPUERTO_DESTINO) values ('13','7','300KM','A21N _ 2','7','9');
Insert into SYSTEM.RUTAS (ID,DURACION_PROMEDIO,DISTANCIA,NUMERO_DE_VUELO,ID_AEROPUERTO_ORIGEN,ID_AEROPUERTO_DESTINO) values ('14','8','419KM','A21N _ 2','9','10');
Insert into SYSTEM.RUTAS (ID,DURACION_PROMEDIO,DISTANCIA,NUMERO_DE_VUELO,ID_AEROPUERTO_ORIGEN,ID_AEROPUERTO_DESTINO) values ('15','8','419KM','A318 _ 17','23','6');
Insert into SYSTEM.RUTAS (ID,DURACION_PROMEDIO,DISTANCIA,NUMERO_DE_VUELO,ID_AEROPUERTO_ORIGEN,ID_AEROPUERTO_DESTINO) values ('16','2','132KM','A318 _ 17','8','32');
Insert into SYSTEM.RUTAS (ID,DURACION_PROMEDIO,DISTANCIA,NUMERO_DE_VUELO,ID_AEROPUERTO_ORIGEN,ID_AEROPUERTO_DESTINO) values ('17','5','356KM','A318 _ 17','50','45');
Insert into SYSTEM.RUTAS (ID,DURACION_PROMEDIO,DISTANCIA,NUMERO_DE_VUELO,ID_AEROPUERTO_ORIGEN,ID_AEROPUERTO_DESTINO) values ('18','6','398KM','A318 _ 17','2','9');
Insert into SYSTEM.RUTAS (ID,DURACION_PROMEDIO,DISTANCIA,NUMERO_DE_VUELO,ID_AEROPUERTO_ORIGEN,ID_AEROPUERTO_DESTINO) values ('22','8','419KM','A318 _ 17','46','21');
Insert into SYSTEM.RUTAS (ID,DURACION_PROMEDIO,DISTANCIA,NUMERO_DE_VUELO,ID_AEROPUERTO_ORIGEN,ID_AEROPUERTO_DESTINO) values ('19','10','632KM','A318 _ 17','42','4');
Insert into SYSTEM.RUTAS (ID,DURACION_PROMEDIO,DISTANCIA,NUMERO_DE_VUELO,ID_AEROPUERTO_ORIGEN,ID_AEROPUERTO_DESTINO) values ('20','8','419KM','A318 _ 17','34','5');
Insert into SYSTEM.RUTAS (ID,DURACION_PROMEDIO,DISTANCIA,NUMERO_DE_VUELO,ID_AEROPUERTO_ORIGEN,ID_AEROPUERTO_DESTINO) values ('21','16','838KM','A318 _ 17','5','19');
Insert into SYSTEM.RUTAS (ID,DURACION_PROMEDIO,DISTANCIA,NUMERO_DE_VUELO,ID_AEROPUERTO_ORIGEN,ID_AEROPUERTO_DESTINO) values ('23','4','265KM','A318 _ 17','5','38');
Insert into SYSTEM.RUTAS (ID,DURACION_PROMEDIO,DISTANCIA,NUMERO_DE_VUELO,ID_AEROPUERTO_ORIGEN,ID_AEROPUERTO_DESTINO) values ('24','4','265KM','A319 _ 30','46','21');
Insert into SYSTEM.RUTAS (ID,DURACION_PROMEDIO,DISTANCIA,NUMERO_DE_VUELO,ID_AEROPUERTO_ORIGEN,ID_AEROPUERTO_DESTINO) values ('25','8','419KM','A319 _ 30','42','4');
Insert into SYSTEM.RUTAS (ID,DURACION_PROMEDIO,DISTANCIA,NUMERO_DE_VUELO,ID_AEROPUERTO_ORIGEN,ID_AEROPUERTO_DESTINO) values ('26','18','1022KM','A319 _ 30','34','5');
Insert into SYSTEM.RUTAS (ID,DURACION_PROMEDIO,DISTANCIA,NUMERO_DE_VUELO,ID_AEROPUERTO_ORIGEN,ID_AEROPUERTO_DESTINO) values ('27','21','1465KM','A319 _ 30','5','19');
Insert into SYSTEM.RUTAS (ID,DURACION_PROMEDIO,DISTANCIA,NUMERO_DE_VUELO,ID_AEROPUERTO_ORIGEN,ID_AEROPUERTO_DESTINO) values ('28','7','300KM','A319 _ 30','38','10');
Insert into SYSTEM.RUTAS (ID,DURACION_PROMEDIO,DISTANCIA,NUMERO_DE_VUELO,ID_AEROPUERTO_ORIGEN,ID_AEROPUERTO_DESTINO) values ('29','8','419KM','A319 _ 30','23','6');
Insert into SYSTEM.RUTAS (ID,DURACION_PROMEDIO,DISTANCIA,NUMERO_DE_VUELO,ID_AEROPUERTO_ORIGEN,ID_AEROPUERTO_DESTINO) values ('30','2','132KM','A319 _ 30','7','32');
Insert into SYSTEM.RUTAS (ID,DURACION_PROMEDIO,DISTANCIA,NUMERO_DE_VUELO,ID_AEROPUERTO_ORIGEN,ID_AEROPUERTO_DESTINO) values ('31','1','80KM','A319 _ 30','6','45');
Insert into SYSTEM.RUTAS (ID,DURACION_PROMEDIO,DISTANCIA,NUMERO_DE_VUELO,ID_AEROPUERTO_ORIGEN,ID_AEROPUERTO_DESTINO) values ('32','3','289KM','A319 _ 30','9','34');
Insert into SYSTEM.RUTAS (ID,DURACION_PROMEDIO,DISTANCIA,NUMERO_DE_VUELO,ID_AEROPUERTO_ORIGEN,ID_AEROPUERTO_DESTINO) values ('33','4','265KM','A319 _ 30','46','21');
Insert into SYSTEM.RUTAS (ID,DURACION_PROMEDIO,DISTANCIA,NUMERO_DE_VUELO,ID_AEROPUERTO_ORIGEN,ID_AEROPUERTO_DESTINO) values ('34','8','419KM','A319 _ 30','42','4');
Insert into SYSTEM.RUTAS (ID,DURACION_PROMEDIO,DISTANCIA,NUMERO_DE_VUELO,ID_AEROPUERTO_ORIGEN,ID_AEROPUERTO_DESTINO) values ('35','18','1022KM','A319 _ 30','34','5');
Insert into SYSTEM.RUTAS (ID,DURACION_PROMEDIO,DISTANCIA,NUMERO_DE_VUELO,ID_AEROPUERTO_ORIGEN,ID_AEROPUERTO_DESTINO) values ('36','8','419KM','A320 _ 90','23','6');
Insert into SYSTEM.RUTAS (ID,DURACION_PROMEDIO,DISTANCIA,NUMERO_DE_VUELO,ID_AEROPUERTO_ORIGEN,ID_AEROPUERTO_DESTINO) values ('37','2','132KM','A320 _ 90','8','32');
Insert into SYSTEM.RUTAS (ID,DURACION_PROMEDIO,DISTANCIA,NUMERO_DE_VUELO,ID_AEROPUERTO_ORIGEN,ID_AEROPUERTO_DESTINO) values ('38','5','356KM','A320 _ 90','49','45');
Insert into SYSTEM.RUTAS (ID,DURACION_PROMEDIO,DISTANCIA,NUMERO_DE_VUELO,ID_AEROPUERTO_ORIGEN,ID_AEROPUERTO_DESTINO) values ('39','6','398KM','A320 _ 90','2','9');
Insert into SYSTEM.RUTAS (ID,DURACION_PROMEDIO,DISTANCIA,NUMERO_DE_VUELO,ID_AEROPUERTO_ORIGEN,ID_AEROPUERTO_DESTINO) values ('40','8','419KM','A320 _ 90','46','21');
Insert into SYSTEM.RUTAS (ID,DURACION_PROMEDIO,DISTANCIA,NUMERO_DE_VUELO,ID_AEROPUERTO_ORIGEN,ID_AEROPUERTO_DESTINO) values ('41','10','632KM','A320 _ 90','42','4');
Insert into SYSTEM.RUTAS (ID,DURACION_PROMEDIO,DISTANCIA,NUMERO_DE_VUELO,ID_AEROPUERTO_ORIGEN,ID_AEROPUERTO_DESTINO) values ('42','8','419KM','A320 _ 90','34','5');
Insert into SYSTEM.RUTAS (ID,DURACION_PROMEDIO,DISTANCIA,NUMERO_DE_VUELO,ID_AEROPUERTO_ORIGEN,ID_AEROPUERTO_DESTINO) values ('43','16','838KM','A320 _ 90','5','19');
Insert into SYSTEM.RUTAS (ID,DURACION_PROMEDIO,DISTANCIA,NUMERO_DE_VUELO,ID_AEROPUERTO_ORIGEN,ID_AEROPUERTO_DESTINO) values ('44','4','265KM','A320 _ 90','5','39');
Insert into SYSTEM.RUTAS (ID,DURACION_PROMEDIO,DISTANCIA,NUMERO_DE_VUELO,ID_AEROPUERTO_ORIGEN,ID_AEROPUERTO_DESTINO) values ('45','8','419KM','A320 _ 90','8','23');
Insert into SYSTEM.RUTAS (ID,DURACION_PROMEDIO,DISTANCIA,NUMERO_DE_VUELO,ID_AEROPUERTO_ORIGEN,ID_AEROPUERTO_DESTINO) values ('46','18','1022KM','A320 _ 90','9','8');
Insert into SYSTEM.RUTAS (ID,DURACION_PROMEDIO,DISTANCIA,NUMERO_DE_VUELO,ID_AEROPUERTO_ORIGEN,ID_AEROPUERTO_DESTINO) values ('47','21','1465KM','A320 _ 90','10','16');
Insert into SYSTEM.RUTAS (ID,DURACION_PROMEDIO,DISTANCIA,NUMERO_DE_VUELO,ID_AEROPUERTO_ORIGEN,ID_AEROPUERTO_DESTINO) values ('48','7','300KM','A320 _ 90','6','2');
Insert into SYSTEM.RUTAS (ID,DURACION_PROMEDIO,DISTANCIA,NUMERO_DE_VUELO,ID_AEROPUERTO_ORIGEN,ID_AEROPUERTO_DESTINO) values ('49','8','419KM','A320 _ 90','32','46');
Insert into SYSTEM.RUTAS (ID,DURACION_PROMEDIO,DISTANCIA,NUMERO_DE_VUELO,ID_AEROPUERTO_ORIGEN,ID_AEROPUERTO_DESTINO) values ('50','8','419KM','A320 _ 90','45','42');

---VUELOS
Insert into SYSTEM.VUELOS (ID,NOMBRE,FRECUENCIA_SEMANAL,ID_RUTA) values ('1','A20N _ 12','2','1');
Insert into SYSTEM.VUELOS (ID,NOMBRE,FRECUENCIA_SEMANAL,ID_RUTA) values ('2','A20N _ 12','2','2');
Insert into SYSTEM.VUELOS (ID,NOMBRE,FRECUENCIA_SEMANAL,ID_RUTA) values ('3','A20N _ 12','2','3');
Insert into SYSTEM.VUELOS (ID,NOMBRE,FRECUENCIA_SEMANAL,ID_RUTA) values ('4','A20N _ 12','2','4');
Insert into SYSTEM.VUELOS (ID,NOMBRE,FRECUENCIA_SEMANAL,ID_RUTA) values ('5','A20N _ 12','2','5');
Insert into SYSTEM.VUELOS (ID,NOMBRE,FRECUENCIA_SEMANAL,ID_RUTA) values ('6','A20N _ 12','2','6');
Insert into SYSTEM.VUELOS (ID,NOMBRE,FRECUENCIA_SEMANAL,ID_RUTA) values ('7','A20N _ 12','2','7');
Insert into SYSTEM.VUELOS (ID,NOMBRE,FRECUENCIA_SEMANAL,ID_RUTA) values ('8','A20N _ 12','2','8');
Insert into SYSTEM.VUELOS (ID,NOMBRE,FRECUENCIA_SEMANAL,ID_RUTA) values ('9','A20N _ 12','2','9');
Insert into SYSTEM.VUELOS (ID,NOMBRE,FRECUENCIA_SEMANAL,ID_RUTA) values ('10','A20N _ 12','2','10');
Insert into SYSTEM.VUELOS (ID,NOMBRE,FRECUENCIA_SEMANAL,ID_RUTA) values ('11','A20N _ 12','2','11');
Insert into SYSTEM.VUELOS (ID,NOMBRE,FRECUENCIA_SEMANAL,ID_RUTA) values ('12','A20N _ 12','2','12');
Insert into SYSTEM.VUELOS (ID,NOMBRE,FRECUENCIA_SEMANAL,ID_RUTA) values ('13','A21N _ 2','8','13');
Insert into SYSTEM.VUELOS (ID,NOMBRE,FRECUENCIA_SEMANAL,ID_RUTA) values ('14','A21N _ 2','8','14');
Insert into SYSTEM.VUELOS (ID,NOMBRE,FRECUENCIA_SEMANAL,ID_RUTA) values ('15','A318 _ 17','8','15');
Insert into SYSTEM.VUELOS (ID,NOMBRE,FRECUENCIA_SEMANAL,ID_RUTA) values ('16','A318 _ 17','8','16');
Insert into SYSTEM.VUELOS (ID,NOMBRE,FRECUENCIA_SEMANAL,ID_RUTA) values ('17','A318 _ 17','8','17');
Insert into SYSTEM.VUELOS (ID,NOMBRE,FRECUENCIA_SEMANAL,ID_RUTA) values ('18','A318 _ 17','8','18');
Insert into SYSTEM.VUELOS (ID,NOMBRE,FRECUENCIA_SEMANAL,ID_RUTA) values ('19','A318 _ 17','8','19');
Insert into SYSTEM.VUELOS (ID,NOMBRE,FRECUENCIA_SEMANAL,ID_RUTA) values ('20','A318 _ 17','8','20');
Insert into SYSTEM.VUELOS (ID,NOMBRE,FRECUENCIA_SEMANAL,ID_RUTA) values ('21','A318 _ 17','8','21');
Insert into SYSTEM.VUELOS (ID,NOMBRE,FRECUENCIA_SEMANAL,ID_RUTA) values ('22','A318 _ 17','8','22');
Insert into SYSTEM.VUELOS (ID,NOMBRE,FRECUENCIA_SEMANAL,ID_RUTA) values ('23','A318 _ 17','8','23');
Insert into SYSTEM.VUELOS (ID,NOMBRE,FRECUENCIA_SEMANAL,ID_RUTA) values ('24','A318 _ 17','8','24');
Insert into SYSTEM.VUELOS (ID,NOMBRE,FRECUENCIA_SEMANAL,ID_RUTA) values ('25','A318 _ 17','8','25');
Insert into SYSTEM.VUELOS (ID,NOMBRE,FRECUENCIA_SEMANAL,ID_RUTA) values ('26','A318 _ 17','8','26');
Insert into SYSTEM.VUELOS (ID,NOMBRE,FRECUENCIA_SEMANAL,ID_RUTA) values ('27','A318 _ 17','8','27');
Insert into SYSTEM.VUELOS (ID,NOMBRE,FRECUENCIA_SEMANAL,ID_RUTA) values ('28','A318 _ 17','8','28');
Insert into SYSTEM.VUELOS (ID,NOMBRE,FRECUENCIA_SEMANAL,ID_RUTA) values ('29','A318 _ 17','8','29');
Insert into SYSTEM.VUELOS (ID,NOMBRE,FRECUENCIA_SEMANAL,ID_RUTA) values ('30','A318 _ 17','8','30');
Insert into SYSTEM.VUELOS (ID,NOMBRE,FRECUENCIA_SEMANAL,ID_RUTA) values ('31','A318 _ 17','8','31');
Insert into SYSTEM.VUELOS (ID,NOMBRE,FRECUENCIA_SEMANAL,ID_RUTA) values ('32','A319 _ 30','2','32');
Insert into SYSTEM.VUELOS (ID,NOMBRE,FRECUENCIA_SEMANAL,ID_RUTA) values ('33','A319 _ 30','2','33');
Insert into SYSTEM.VUELOS (ID,NOMBRE,FRECUENCIA_SEMANAL,ID_RUTA) values ('34','A319 _ 30','2','34');
Insert into SYSTEM.VUELOS (ID,NOMBRE,FRECUENCIA_SEMANAL,ID_RUTA) values ('35','A319 _ 30','2','35');
Insert into SYSTEM.VUELOS (ID,NOMBRE,FRECUENCIA_SEMANAL,ID_RUTA) values ('36','A319 _ 30','2','36');
Insert into SYSTEM.VUELOS (ID,NOMBRE,FRECUENCIA_SEMANAL,ID_RUTA) values ('37','A319 _ 30','2','37');
Insert into SYSTEM.VUELOS (ID,NOMBRE,FRECUENCIA_SEMANAL,ID_RUTA) values ('38','A319 _ 30','2','38');
Insert into SYSTEM.VUELOS (ID,NOMBRE,FRECUENCIA_SEMANAL,ID_RUTA) values ('39','A319 _ 30','2','39');
Insert into SYSTEM.VUELOS (ID,NOMBRE,FRECUENCIA_SEMANAL,ID_RUTA) values ('40','A319 _ 30','2','40');
Insert into SYSTEM.VUELOS (ID,NOMBRE,FRECUENCIA_SEMANAL,ID_RUTA) values ('41','A319 _ 30','2','41');
Insert into SYSTEM.VUELOS (ID,NOMBRE,FRECUENCIA_SEMANAL,ID_RUTA) values ('42','A319 _ 30','2','42');
Insert into SYSTEM.VUELOS (ID,NOMBRE,FRECUENCIA_SEMANAL,ID_RUTA) values ('43','A319 _ 30','2','43');
Insert into SYSTEM.VUELOS (ID,NOMBRE,FRECUENCIA_SEMANAL,ID_RUTA) values ('44','A319 _ 30','2','44');
Insert into SYSTEM.VUELOS (ID,NOMBRE,FRECUENCIA_SEMANAL,ID_RUTA) values ('45','A319 _ 30','2','45');
Insert into SYSTEM.VUELOS (ID,NOMBRE,FRECUENCIA_SEMANAL,ID_RUTA) values ('46','A319 _ 30','2','46');
Insert into SYSTEM.VUELOS (ID,NOMBRE,FRECUENCIA_SEMANAL,ID_RUTA) values ('47','A319 _ 30','2','47');
Insert into SYSTEM.VUELOS (ID,NOMBRE,FRECUENCIA_SEMANAL,ID_RUTA) values ('48','A319 _ 30','2','48');
Insert into SYSTEM.VUELOS (ID,NOMBRE,FRECUENCIA_SEMANAL,ID_RUTA) values ('49','A319 _ 30','2','49');
Insert into SYSTEM.VUELOS (ID,NOMBRE,FRECUENCIA_SEMANAL,ID_RUTA) values ('50','A319 _ 30','2','50');



--PASAJEROS
Insert into SYSTEM.PASAJEROS (ID,NOMBRES,APELLIDOS,EDAD,IDENTIFICACION,TIPO_DOCUMENTO,ID_VUELO) values ('1','Anthony','Huffman','68','683937','DNI','1');
Insert into SYSTEM.PASAJEROS (ID,NOMBRES,APELLIDOS,EDAD,IDENTIFICACION,TIPO_DOCUMENTO,ID_VUELO) values ('2','Hannah','Lara','23','230803','Cedula','2');
Insert into SYSTEM.PASAJEROS (ID,NOMBRES,APELLIDOS,EDAD,IDENTIFICACION,TIPO_DOCUMENTO,ID_VUELO) values ('3','Thane','Wilder','79','197826','DNI','3');
Insert into SYSTEM.PASAJEROS (ID,NOMBRES,APELLIDOS,EDAD,IDENTIFICACION,TIPO_DOCUMENTO,ID_VUELO) values ('4','Azalia','Ray','22','929145','Cedula','4');
Insert into SYSTEM.PASAJEROS (ID,NOMBRES,APELLIDOS,EDAD,IDENTIFICACION,TIPO_DOCUMENTO,ID_VUELO) values ('5','Belle','Sharp','15','690211','DNI','5');
Insert into SYSTEM.PASAJEROS (ID,NOMBRES,APELLIDOS,EDAD,IDENTIFICACION,TIPO_DOCUMENTO,ID_VUELO) values ('6','Malachi','Munoz','90','337449','DNI','6');
Insert into SYSTEM.PASAJEROS (ID,NOMBRES,APELLIDOS,EDAD,IDENTIFICACION,TIPO_DOCUMENTO,ID_VUELO) values ('7','Kyla','Bruce','73','833910','DNI','7');
Insert into SYSTEM.PASAJEROS (ID,NOMBRES,APELLIDOS,EDAD,IDENTIFICACION,TIPO_DOCUMENTO,ID_VUELO) values ('8','Samson','Rose','54','137392','Cedula_de_extranjeria','8');
Insert into SYSTEM.PASAJEROS (ID,NOMBRES,APELLIDOS,EDAD,IDENTIFICACION,TIPO_DOCUMENTO,ID_VUELO) values ('9','Jade','Mendez','50','498285','Cedula_de_extranjeria','9');
Insert into SYSTEM.PASAJEROS (ID,NOMBRES,APELLIDOS,EDAD,IDENTIFICACION,TIPO_DOCUMENTO,ID_VUELO) values ('10','Paloma','Mccormick','75','540518','Cedula','10');
Insert into SYSTEM.PASAJEROS (ID,NOMBRES,APELLIDOS,EDAD,IDENTIFICACION,TIPO_DOCUMENTO,ID_VUELO) values ('11','Brennan','Beck','89','500553','Cedula_de_extranjeria','11');
Insert into SYSTEM.PASAJEROS (ID,NOMBRES,APELLIDOS,EDAD,IDENTIFICACION,TIPO_DOCUMENTO,ID_VUELO) values ('12','Rashad','Carpenter','51','468024','Cedula','12');
Insert into SYSTEM.PASAJEROS (ID,NOMBRES,APELLIDOS,EDAD,IDENTIFICACION,TIPO_DOCUMENTO,ID_VUELO) values ('13','Karly','Bryan','32','289868','DNI','13');
Insert into SYSTEM.PASAJEROS (ID,NOMBRES,APELLIDOS,EDAD,IDENTIFICACION,TIPO_DOCUMENTO,ID_VUELO) values ('14','Alea','Holcomb','58','428115','DNI','14');
Insert into SYSTEM.PASAJEROS (ID,NOMBRES,APELLIDOS,EDAD,IDENTIFICACION,TIPO_DOCUMENTO,ID_VUELO) values ('15','Kylie','Mitchell','28','315458','Pasaporte','15');
Insert into SYSTEM.PASAJEROS (ID,NOMBRES,APELLIDOS,EDAD,IDENTIFICACION,TIPO_DOCUMENTO,ID_VUELO) values ('16','Germaine','Allen','88','715203','Cedula_de_extranjeria','16');
Insert into SYSTEM.PASAJEROS (ID,NOMBRES,APELLIDOS,EDAD,IDENTIFICACION,TIPO_DOCUMENTO,ID_VUELO) values ('17','Chelsea','Buckley','70','184447','Cedula_de_extranjeria','17');
Insert into SYSTEM.PASAJEROS (ID,NOMBRES,APELLIDOS,EDAD,IDENTIFICACION,TIPO_DOCUMENTO,ID_VUELO) values ('18','Dylan','Carter','72','415054','DNI','18');
Insert into SYSTEM.PASAJEROS (ID,NOMBRES,APELLIDOS,EDAD,IDENTIFICACION,TIPO_DOCUMENTO,ID_VUELO) values ('19','Colt','Wiley','6','465319','DNI','19');
Insert into SYSTEM.PASAJEROS (ID,NOMBRES,APELLIDOS,EDAD,IDENTIFICACION,TIPO_DOCUMENTO,ID_VUELO) values ('20','Lucy','Lopez','74','281383','Cedula','20');
Insert into SYSTEM.PASAJEROS (ID,NOMBRES,APELLIDOS,EDAD,IDENTIFICACION,TIPO_DOCUMENTO,ID_VUELO) values ('21','Derek','Aguilar','61','182235','DNI','21');
Insert into SYSTEM.PASAJEROS (ID,NOMBRES,APELLIDOS,EDAD,IDENTIFICACION,TIPO_DOCUMENTO,ID_VUELO) values ('22','Teagan','Hopkins','4','846464','DNI','22');
Insert into SYSTEM.PASAJEROS (ID,NOMBRES,APELLIDOS,EDAD,IDENTIFICACION,TIPO_DOCUMENTO,ID_VUELO) values ('23','Shay','Mcdowell','6','709190','DNI','23');
Insert into SYSTEM.PASAJEROS (ID,NOMBRES,APELLIDOS,EDAD,IDENTIFICACION,TIPO_DOCUMENTO,ID_VUELO) values ('24','Lara','Pittman','72','910051','Cedula_de_extranjeria','24');
Insert into SYSTEM.PASAJEROS (ID,NOMBRES,APELLIDOS,EDAD,IDENTIFICACION,TIPO_DOCUMENTO,ID_VUELO) values ('25','Kylie','Conway','58','942145','Pasaporte','25');
Insert into SYSTEM.PASAJEROS (ID,NOMBRES,APELLIDOS,EDAD,IDENTIFICACION,TIPO_DOCUMENTO,ID_VUELO) values ('26','Wyatt','Schneider','50','934419','Cedula_de_extranjeria','26');
Insert into SYSTEM.PASAJEROS (ID,NOMBRES,APELLIDOS,EDAD,IDENTIFICACION,TIPO_DOCUMENTO,ID_VUELO) values ('27','Demetria','Rodriguez','73','720348','Cedula_de_extranjeria','27');
Insert into SYSTEM.PASAJEROS (ID,NOMBRES,APELLIDOS,EDAD,IDENTIFICACION,TIPO_DOCUMENTO,ID_VUELO) values ('28','Denise','Rojas','40','835107','Cedula_de_extranjeria','28');
Insert into SYSTEM.PASAJEROS (ID,NOMBRES,APELLIDOS,EDAD,IDENTIFICACION,TIPO_DOCUMENTO,ID_VUELO) values ('29','Violet','Bates','62','112688','Pasaporte','29');
Insert into SYSTEM.PASAJEROS (ID,NOMBRES,APELLIDOS,EDAD,IDENTIFICACION,TIPO_DOCUMENTO,ID_VUELO) values ('30','Connor','Salinas','69','749087','Cedula_de_extranjeria','30');
Insert into SYSTEM.PASAJEROS (ID,NOMBRES,APELLIDOS,EDAD,IDENTIFICACION,TIPO_DOCUMENTO,ID_VUELO) values ('31','Willow','Hobbs','7','548834','Cedula','31');
Insert into SYSTEM.PASAJEROS (ID,NOMBRES,APELLIDOS,EDAD,IDENTIFICACION,TIPO_DOCUMENTO,ID_VUELO) values ('32','Amal','Walter','33','898361','Pasaporte','32');
Insert into SYSTEM.PASAJEROS (ID,NOMBRES,APELLIDOS,EDAD,IDENTIFICACION,TIPO_DOCUMENTO,ID_VUELO) values ('33','Calista','Barton','47','239448','Cedula_de_extranjeria','33');
Insert into SYSTEM.PASAJEROS (ID,NOMBRES,APELLIDOS,EDAD,IDENTIFICACION,TIPO_DOCUMENTO,ID_VUELO) values ('34','Phelan','Lawson','67','786153','Cedula_de_extranjeria','34');
Insert into SYSTEM.PASAJEROS (ID,NOMBRES,APELLIDOS,EDAD,IDENTIFICACION,TIPO_DOCUMENTO,ID_VUELO) values ('35','Kay','Finley','33','447318','DNI','35');
Insert into SYSTEM.PASAJEROS (ID,NOMBRES,APELLIDOS,EDAD,IDENTIFICACION,TIPO_DOCUMENTO,ID_VUELO) values ('36','MacKenzie','Knapp','55','759971','Cedula','36');
Insert into SYSTEM.PASAJEROS (ID,NOMBRES,APELLIDOS,EDAD,IDENTIFICACION,TIPO_DOCUMENTO,ID_VUELO) values ('37','Ayanna','Bass','8','784541','Pasaporte','37');
Insert into SYSTEM.PASAJEROS (ID,NOMBRES,APELLIDOS,EDAD,IDENTIFICACION,TIPO_DOCUMENTO,ID_VUELO) values ('38','Germaine','Newman','64','856731','DNI','38');
Insert into SYSTEM.PASAJEROS (ID,NOMBRES,APELLIDOS,EDAD,IDENTIFICACION,TIPO_DOCUMENTO,ID_VUELO) values ('39','Rigel','Leblanc','3','645329','DNI','39');
Insert into SYSTEM.PASAJEROS (ID,NOMBRES,APELLIDOS,EDAD,IDENTIFICACION,TIPO_DOCUMENTO,ID_VUELO) values ('40','Duncan','Riley','49','530151','Pasaporte','40');
Insert into SYSTEM.PASAJEROS (ID,NOMBRES,APELLIDOS,EDAD,IDENTIFICACION,TIPO_DOCUMENTO,ID_VUELO) values ('41','Dawn','Fleming','12','742293','DNI','41');
Insert into SYSTEM.PASAJEROS (ID,NOMBRES,APELLIDOS,EDAD,IDENTIFICACION,TIPO_DOCUMENTO,ID_VUELO) values ('42','Kyla','Jennings','24','647195','Cedula','42');
Insert into SYSTEM.PASAJEROS (ID,NOMBRES,APELLIDOS,EDAD,IDENTIFICACION,TIPO_DOCUMENTO,ID_VUELO) values ('43','Nell','Rogers','27','978071','Cedula','43');
Insert into SYSTEM.PASAJEROS (ID,NOMBRES,APELLIDOS,EDAD,IDENTIFICACION,TIPO_DOCUMENTO,ID_VUELO) values ('44','Hoyt','Webb','69','308776','Cedula_de_extranjeria','44');
Insert into SYSTEM.PASAJEROS (ID,NOMBRES,APELLIDOS,EDAD,IDENTIFICACION,TIPO_DOCUMENTO,ID_VUELO) values ('45','Deborah','Hebert','33','365255','DNI','45');
Insert into SYSTEM.PASAJEROS (ID,NOMBRES,APELLIDOS,EDAD,IDENTIFICACION,TIPO_DOCUMENTO,ID_VUELO) values ('46','Keefe','Cash','36','102633','Pasaporte','46');
Insert into SYSTEM.PASAJEROS (ID,NOMBRES,APELLIDOS,EDAD,IDENTIFICACION,TIPO_DOCUMENTO,ID_VUELO) values ('47','Paki','Duke','26','238256','Cedula_de_extranjeria','47');
Insert into SYSTEM.PASAJEROS (ID,NOMBRES,APELLIDOS,EDAD,IDENTIFICACION,TIPO_DOCUMENTO,ID_VUELO) values ('48','Anne','Waters','86','573836','Cedula','48');
Insert into SYSTEM.PASAJEROS (ID,NOMBRES,APELLIDOS,EDAD,IDENTIFICACION,TIPO_DOCUMENTO,ID_VUELO) values ('49','Connor','Williamson','6','670684','Pasaporte','49');
Insert into SYSTEM.PASAJEROS (ID,NOMBRES,APELLIDOS,EDAD,IDENTIFICACION,TIPO_DOCUMENTO,ID_VUELO) values ('50','Tobias','Bird','89','434669','Pasaporte','50');

--EMPLEADOS

--EMPLEADOS
Insert into SYSTEM.EMPLEADOS (ID,TIPO,NOMBRES,APELLIDOS,SEXO,FECHA_NACIMIENTO,ANTIGUEDAD,FECHA_ULTIMO_ENTRENAMIENTO,DIRECCION,CORREO,CELULAR,ESTADO,HORAS_DESCANSO_ULTIMO_VUELO,ID_CIUDAD) values ('1','TCP','Joelle','Burns','Femenino','09-01-78                                          ','28','07-24-17                                          ','721-8370 Est Rd.','turpis.In.condimentum@vulputaterisus.co.uk','3967050                                           ','Despedido','1519766741                                        ','1');
Insert into SYSTEM.EMPLEADOS (ID,TIPO,NOMBRES,APELLIDOS,SEXO,FECHA_NACIMIENTO,ANTIGUEDAD,FECHA_ULTIMO_ENTRENAMIENTO,DIRECCION,CORREO,CELULAR,ESTADO,HORAS_DESCANSO_ULTIMO_VUELO,ID_CIUDAD) values ('2','TCP','Jameson','Carlson','Masculino','03-15-74                                          ','28','07-29-18                                          ','481 A Street','amet@tellusloremeu.org','3189481                                           ','Despedido','1524220206                                        ','2');
Insert into SYSTEM.EMPLEADOS (ID,TIPO,NOMBRES,APELLIDOS,SEXO,FECHA_NACIMIENTO,ANTIGUEDAD,FECHA_ULTIMO_ENTRENAMIENTO,DIRECCION,CORREO,CELULAR,ESTADO,HORAS_DESCANSO_ULTIMO_VUELO,ID_CIUDAD) values ('3','TCP','Kaye','Sherman','Femenino','08-12-76                                          ','36','11-30-17                                          ','P.O. Box 551, 6766 Sem Road','leo.Vivamus.nibh@laciniavitaesodales.org','3540073                                           ','Jubilado','1510856533                                        ','3');
Insert into SYSTEM.EMPLEADOS (ID,TIPO,NOMBRES,APELLIDOS,SEXO,FECHA_NACIMIENTO,ANTIGUEDAD,FECHA_ULTIMO_ENTRENAMIENTO,DIRECCION,CORREO,CELULAR,ESTADO,HORAS_DESCANSO_ULTIMO_VUELO,ID_CIUDAD) values ('4','TCP','Bruce','Miller','Femenino','07-07-82                                          ','11','01-28-18                                          ','756 Arcu. Road','Sed.malesuada@sagittislobortis.net','3831253                                           ','Inactivo','1520995518                                        ','4');
Insert into SYSTEM.EMPLEADOS (ID,TIPO,NOMBRES,APELLIDOS,SEXO,FECHA_NACIMIENTO,ANTIGUEDAD,FECHA_ULTIMO_ENTRENAMIENTO,DIRECCION,CORREO,CELULAR,ESTADO,HORAS_DESCANSO_ULTIMO_VUELO,ID_CIUDAD) values ('5','TCP','Wade','Sanders','Masculino','03-27-69                                          ','5','10-01-18                                          ','P.O. Box 970, 4123 Nunc St.','lorem.ac.risus@ultriciesligulaNullam.ca','3379652                                           ','En_entrenamiento','1526557178                                        ','5');
Insert into SYSTEM.EMPLEADOS (ID,TIPO,NOMBRES,APELLIDOS,SEXO,FECHA_NACIMIENTO,ANTIGUEDAD,FECHA_ULTIMO_ENTRENAMIENTO,DIRECCION,CORREO,CELULAR,ESTADO,HORAS_DESCANSO_ULTIMO_VUELO,ID_CIUDAD) values ('6','TCP','Geoffrey','Fulton','Masculino','07-19-17                                          ','34','04-01-19                                          ','6469 Sed Rd.','sagittis@convallisligulaDonec.com','3191421                                           ','En_entrenamiento','1493982282                                        ','6');
Insert into SYSTEM.EMPLEADOS (ID,TIPO,NOMBRES,APELLIDOS,SEXO,FECHA_NACIMIENTO,ANTIGUEDAD,FECHA_ULTIMO_ENTRENAMIENTO,DIRECCION,CORREO,CELULAR,ESTADO,HORAS_DESCANSO_ULTIMO_VUELO,ID_CIUDAD) values ('7','TCP','Callum','Thornton','Femenino','07-04-14                                          ','32','01-20-19                                          ','2835 Sed, Ave','auctor.odio.a@etrutrum.org','3029549                                           ','Despedido','1519518323                                        ','7');
Insert into SYSTEM.EMPLEADOS (ID,TIPO,NOMBRES,APELLIDOS,SEXO,FECHA_NACIMIENTO,ANTIGUEDAD,FECHA_ULTIMO_ENTRENAMIENTO,DIRECCION,CORREO,CELULAR,ESTADO,HORAS_DESCANSO_ULTIMO_VUELO,ID_CIUDAD) values ('8','TCP','Minerva','Blevins','Masculino','12-25-06                                          ','16','03-20-18                                          ','8870 Lobortis St.','ac.mattis.semper@Donec.ca','3905700                                           ','Vacaciones','1527769828                                        ','8');
Insert into SYSTEM.EMPLEADOS (ID,TIPO,NOMBRES,APELLIDOS,SEXO,FECHA_NACIMIENTO,ANTIGUEDAD,FECHA_ULTIMO_ENTRENAMIENTO,DIRECCION,CORREO,CELULAR,ESTADO,HORAS_DESCANSO_ULTIMO_VUELO,ID_CIUDAD) values ('9','TCP','Dahlia','Cash','Femenino','01-28-62                                          ','7','09-18-18                                          ','380-7752 Fames Road','eget.varius.ultrices@eros.com','3607695                                           ','Licencia','1507754264                                        ','9');
Insert into SYSTEM.EMPLEADOS (ID,TIPO,NOMBRES,APELLIDOS,SEXO,FECHA_NACIMIENTO,ANTIGUEDAD,FECHA_ULTIMO_ENTRENAMIENTO,DIRECCION,CORREO,CELULAR,ESTADO,HORAS_DESCANSO_ULTIMO_VUELO,ID_CIUDAD) values ('10','TCP','Brittany','Lester','Femenino','12-30-06                                          ','30','06-20-17                                          ','3126 Malesuada St.','Nulla.interdum@sit.net','3904349                                           ','Suspendido','1494275180                                        ','10');
Insert into SYSTEM.EMPLEADOS (ID,TIPO,NOMBRES,APELLIDOS,SEXO,FECHA_NACIMIENTO,ANTIGUEDAD,FECHA_ULTIMO_ENTRENAMIENTO,DIRECCION,CORREO,CELULAR,ESTADO,HORAS_DESCANSO_ULTIMO_VUELO,ID_CIUDAD) values ('11','TCP','Carlos','Pruitt','Masculino','12-15-77                                          ','3','02-03-18                                          ','900-7123 Mauris Road','tempus@aliquetodio.org','3873918                                           ','Suspendido','1505059714                                        ','11');
Insert into SYSTEM.EMPLEADOS (ID,TIPO,NOMBRES,APELLIDOS,SEXO,FECHA_NACIMIENTO,ANTIGUEDAD,FECHA_ULTIMO_ENTRENAMIENTO,DIRECCION,CORREO,CELULAR,ESTADO,HORAS_DESCANSO_ULTIMO_VUELO,ID_CIUDAD) values ('12','TCP','Jameson','Dyer','Masculino','12-04-79                                          ','5','01-24-19                                          ','P.O. Box 665, 4741 Vestibulum Street','euismod.enim.Etiam@Sed.net','3434809                                           ','Jubilado','1515132358                                        ','12');
Insert into SYSTEM.EMPLEADOS (ID,TIPO,NOMBRES,APELLIDOS,SEXO,FECHA_NACIMIENTO,ANTIGUEDAD,FECHA_ULTIMO_ENTRENAMIENTO,DIRECCION,CORREO,CELULAR,ESTADO,HORAS_DESCANSO_ULTIMO_VUELO,ID_CIUDAD) values ('13','TCP','Rowan','Gibbs','Femenino','09-24-92                                          ','27','06-14-17                                          ','9913 Varius Street','lectus.pede@etultrices.edu','3316988                                           ','Activo','1519002876                                        ','13');
Insert into SYSTEM.EMPLEADOS (ID,TIPO,NOMBRES,APELLIDOS,SEXO,FECHA_NACIMIENTO,ANTIGUEDAD,FECHA_ULTIMO_ENTRENAMIENTO,DIRECCION,CORREO,CELULAR,ESTADO,HORAS_DESCANSO_ULTIMO_VUELO,ID_CIUDAD) values ('14','TCP','Thor','Weiss','Femenino','11-25-82                                          ','11','06-05-18                                          ','Ap #168-8872 Luctus Road','ac.nulla@arcuimperdiet.com','3254541                                           ','Inactivo','1547384278                                        ','14');
Insert into SYSTEM.EMPLEADOS (ID,TIPO,NOMBRES,APELLIDOS,SEXO,FECHA_NACIMIENTO,ANTIGUEDAD,FECHA_ULTIMO_ENTRENAMIENTO,DIRECCION,CORREO,CELULAR,ESTADO,HORAS_DESCANSO_ULTIMO_VUELO,ID_CIUDAD) values ('15','TCP','Helen','Lamb','Femenino','05-24-95                                          ','8','12-30-18                                          ','781-1541 Nisl. Ave','ante.dictum@Morbi.net','3738696                                           ','Vacaciones','1512639688                                        ','15');
Insert into SYSTEM.EMPLEADOS (ID,TIPO,NOMBRES,APELLIDOS,SEXO,FECHA_NACIMIENTO,ANTIGUEDAD,FECHA_ULTIMO_ENTRENAMIENTO,DIRECCION,CORREO,CELULAR,ESTADO,HORAS_DESCANSO_ULTIMO_VUELO,ID_CIUDAD) values ('16','TCP','Bruce','Cain','Femenino','08-30-00                                          ','34','06-12-18                                          ','P.O. Box 781, 320 Feugiat Street','Phasellus.nulla@elit.com','3020064                                           ','Inactivo','1510732182                                        ','16');
Insert into SYSTEM.EMPLEADOS (ID,TIPO,NOMBRES,APELLIDOS,SEXO,FECHA_NACIMIENTO,ANTIGUEDAD,FECHA_ULTIMO_ENTRENAMIENTO,DIRECCION,CORREO,CELULAR,ESTADO,HORAS_DESCANSO_ULTIMO_VUELO,ID_CIUDAD) values ('17','TCP','Evelyn','Livingston','Masculino','06-20-68                                          ','23','08-16-18                                          ','4886 Feugiat St.','accumsan@Maecenasmalesuada.ca','3505676                                           ','En_vuelo','1504704223                                        ','17');
Insert into SYSTEM.EMPLEADOS (ID,TIPO,NOMBRES,APELLIDOS,SEXO,FECHA_NACIMIENTO,ANTIGUEDAD,FECHA_ULTIMO_ENTRENAMIENTO,DIRECCION,CORREO,CELULAR,ESTADO,HORAS_DESCANSO_ULTIMO_VUELO,ID_CIUDAD) values ('18','TCP','Vera','Nelson','Masculino','10-29-69                                          ','5','03-19-19                                          ','247-5835 Facilisis. Av.','elit@dolor.org','3337862                                           ','Activo','1545086836                                        ','18');
Insert into SYSTEM.EMPLEADOS (ID,TIPO,NOMBRES,APELLIDOS,SEXO,FECHA_NACIMIENTO,ANTIGUEDAD,FECHA_ULTIMO_ENTRENAMIENTO,DIRECCION,CORREO,CELULAR,ESTADO,HORAS_DESCANSO_ULTIMO_VUELO,ID_CIUDAD) values ('19','TCP','Todd','Lloyd','Femenino','07-06-86                                          ','40','10-28-18                                          ','6688 Nunc Street','sem.vitae@egetmetuseu.org','3104993                                           ','Activo','1529386088                                        ','19');
Insert into SYSTEM.EMPLEADOS (ID,TIPO,NOMBRES,APELLIDOS,SEXO,FECHA_NACIMIENTO,ANTIGUEDAD,FECHA_ULTIMO_ENTRENAMIENTO,DIRECCION,CORREO,CELULAR,ESTADO,HORAS_DESCANSO_ULTIMO_VUELO,ID_CIUDAD) values ('20','TCP','Zena','Gamble','Masculino','05-14-98                                          ','35','01-20-19                                          ','253-6789 At Avenue','Nullam.suscipit@atnisiCum.net','3438566                                           ','Licencia','1541023994                                        ','20');
Insert into SYSTEM.EMPLEADOS (ID,TIPO,NOMBRES,APELLIDOS,SEXO,FECHA_NACIMIENTO,ANTIGUEDAD,FECHA_ULTIMO_ENTRENAMIENTO,DIRECCION,CORREO,CELULAR,ESTADO,HORAS_DESCANSO_ULTIMO_VUELO,ID_CIUDAD) values ('21','TCP','Shannon','Moore','Femenino','08-18-88                                          ','21','10-19-18                                          ','P.O. Box 679, 8889 Dui. Avenue','ac.urna.Ut@morbitristique.co.uk','3103946                                           ','Jubilado','1537202574                                        ','21');
Insert into SYSTEM.EMPLEADOS (ID,TIPO,NOMBRES,APELLIDOS,SEXO,FECHA_NACIMIENTO,ANTIGUEDAD,FECHA_ULTIMO_ENTRENAMIENTO,DIRECCION,CORREO,CELULAR,ESTADO,HORAS_DESCANSO_ULTIMO_VUELO,ID_CIUDAD) values ('22','TCP','Driscoll','Terry','Masculino','05-05-62                                          ','34','04-12-18                                          ','P.O. Box 130, 995 Ridiculus Rd.','Integer@tempor.co.uk','3086805                                           ','Activo','1511464696                                        ','22');
Insert into SYSTEM.EMPLEADOS (ID,TIPO,NOMBRES,APELLIDOS,SEXO,FECHA_NACIMIENTO,ANTIGUEDAD,FECHA_ULTIMO_ENTRENAMIENTO,DIRECCION,CORREO,CELULAR,ESTADO,HORAS_DESCANSO_ULTIMO_VUELO,ID_CIUDAD) values ('23','TCP','Galvin','Reeves','Femenino','09-01-96                                          ','13','01-15-18                                          ','1205 Semper Av.','Aenean.egestas@nullaCraseu.com','3343978                                           ','En_entrenamiento','1516179141                                        ','23');
Insert into SYSTEM.EMPLEADOS (ID,TIPO,NOMBRES,APELLIDOS,SEXO,FECHA_NACIMIENTO,ANTIGUEDAD,FECHA_ULTIMO_ENTRENAMIENTO,DIRECCION,CORREO,CELULAR,ESTADO,HORAS_DESCANSO_ULTIMO_VUELO,ID_CIUDAD) values ('24','TCP','Jolene','Aguirre','Femenino','08-06-74                                          ','22','10-07-18                                          ','267 Sollicitudin Av.','ullamcorper.eu.euismod@enimnectempus.ca','3861801                                           ','Jubilado','1530599920                                        ','24');
Insert into SYSTEM.EMPLEADOS (ID,TIPO,NOMBRES,APELLIDOS,SEXO,FECHA_NACIMIENTO,ANTIGUEDAD,FECHA_ULTIMO_ENTRENAMIENTO,DIRECCION,CORREO,CELULAR,ESTADO,HORAS_DESCANSO_ULTIMO_VUELO,ID_CIUDAD) values ('25','TCP','Lucius','Gonzales','Femenino','06-02-10                                          ','10','02-14-18                                          ','6295 Proin St.','auctor.velit@variusorci.org','3049404                                           ','Despedido','1547980019                                        ','25');
Insert into SYSTEM.EMPLEADOS (ID,TIPO,NOMBRES,APELLIDOS,SEXO,FECHA_NACIMIENTO,ANTIGUEDAD,FECHA_ULTIMO_ENTRENAMIENTO,DIRECCION,CORREO,CELULAR,ESTADO,HORAS_DESCANSO_ULTIMO_VUELO,ID_CIUDAD) values ('26','TCP','Yeo','Underwood','Femenino','09-28-10                                          ','21','07-17-17                                          ','P.O. Box 852, 989 Tellus Av.','pede.nonummy@variusultrices.org','3739742                                           ','En_vuelo','1538550224                                        ','26');
Insert into SYSTEM.EMPLEADOS (ID,TIPO,NOMBRES,APELLIDOS,SEXO,FECHA_NACIMIENTO,ANTIGUEDAD,FECHA_ULTIMO_ENTRENAMIENTO,DIRECCION,CORREO,CELULAR,ESTADO,HORAS_DESCANSO_ULTIMO_VUELO,ID_CIUDAD) values ('27','TCP','Xantha','Sheppard','Femenino','10-21-14                                          ','25','09-20-18                                          ','Ap #729-578 Ultrices St.','Maecenas.iaculis@insodales.co.uk','3236172                                           ','En_entrenamiento','1500980318                                        ','27');
Insert into SYSTEM.EMPLEADOS (ID,TIPO,NOMBRES,APELLIDOS,SEXO,FECHA_NACIMIENTO,ANTIGUEDAD,FECHA_ULTIMO_ENTRENAMIENTO,DIRECCION,CORREO,CELULAR,ESTADO,HORAS_DESCANSO_ULTIMO_VUELO,ID_CIUDAD) values ('28','TCP','Larissa','Mcclure','Masculino','03-30-86                                          ','26','01-24-19                                          ','P.O. Box 435, 2233 Leo St.','Fusce.diam.nunc@egestasblandit.com','3262739                                           ','Activo','1537803195                                        ','28');
Insert into SYSTEM.EMPLEADOS (ID,TIPO,NOMBRES,APELLIDOS,SEXO,FECHA_NACIMIENTO,ANTIGUEDAD,FECHA_ULTIMO_ENTRENAMIENTO,DIRECCION,CORREO,CELULAR,ESTADO,HORAS_DESCANSO_ULTIMO_VUELO,ID_CIUDAD) values ('29','TCP','Germaine','Martinez','Femenino','05-11-88                                          ','8','05-13-17                                          ','3701 Vel, Rd.','quam@commodo.edu','3616120                                           ','Jubilado','1506378733                                        ','29');
Insert into SYSTEM.EMPLEADOS (ID,TIPO,NOMBRES,APELLIDOS,SEXO,FECHA_NACIMIENTO,ANTIGUEDAD,FECHA_ULTIMO_ENTRENAMIENTO,DIRECCION,CORREO,CELULAR,ESTADO,HORAS_DESCANSO_ULTIMO_VUELO,ID_CIUDAD) values ('30','TCP','Jerome','Monroe','Femenino','04-08-88                                          ','16','08-22-18                                          ','7239 Commodo Av.','auctor@Inscelerisque.edu','3956524                                           ','En_entrenamiento','1545542630                                        ','30');
Insert into SYSTEM.EMPLEADOS (ID,TIPO,NOMBRES,APELLIDOS,SEXO,FECHA_NACIMIENTO,ANTIGUEDAD,FECHA_ULTIMO_ENTRENAMIENTO,DIRECCION,CORREO,CELULAR,ESTADO,HORAS_DESCANSO_ULTIMO_VUELO,ID_CIUDAD) values ('31','TCP','Anthony','Summers','Femenino','05-06-89                                          ','13','11-21-17                                          ','853-1753 Magnis Rd.','et.risus.Quisque@cursus.ca','3471237                                           ','Despedido','1533993972                                        ','31');
Insert into SYSTEM.EMPLEADOS (ID,TIPO,NOMBRES,APELLIDOS,SEXO,FECHA_NACIMIENTO,ANTIGUEDAD,FECHA_ULTIMO_ENTRENAMIENTO,DIRECCION,CORREO,CELULAR,ESTADO,HORAS_DESCANSO_ULTIMO_VUELO,ID_CIUDAD) values ('32','TCP','Desirae','Cooley','Masculino','08-02-85                                          ','16','10-24-18                                          ','870-5036 Vitae, Av.','magna@Phasellusat.ca','3593175                                           ','Despedido','1524291958                                        ','32');
Insert into SYSTEM.EMPLEADOS (ID,TIPO,NOMBRES,APELLIDOS,SEXO,FECHA_NACIMIENTO,ANTIGUEDAD,FECHA_ULTIMO_ENTRENAMIENTO,DIRECCION,CORREO,CELULAR,ESTADO,HORAS_DESCANSO_ULTIMO_VUELO,ID_CIUDAD) values ('33','TCP','Bree','Brennan','Femenino','04-21-57                                          ','27','08-21-18                                          ','541 Urna St.','velit@Nunc.edu','3180783                                           ','Despedido','1536690788                                        ','33');
Insert into SYSTEM.EMPLEADOS (ID,TIPO,NOMBRES,APELLIDOS,SEXO,FECHA_NACIMIENTO,ANTIGUEDAD,FECHA_ULTIMO_ENTRENAMIENTO,DIRECCION,CORREO,CELULAR,ESTADO,HORAS_DESCANSO_ULTIMO_VUELO,ID_CIUDAD) values ('34','TCP','Joseph','Whitaker','Masculino','11-22-12                                          ','20','04-03-18                                          ','2803 Est, Rd.','gravida.sagittis@Lorem.com','3874268                                           ','Inactivo','1523891942                                        ','34');
Insert into SYSTEM.EMPLEADOS (ID,TIPO,NOMBRES,APELLIDOS,SEXO,FECHA_NACIMIENTO,ANTIGUEDAD,FECHA_ULTIMO_ENTRENAMIENTO,DIRECCION,CORREO,CELULAR,ESTADO,HORAS_DESCANSO_ULTIMO_VUELO,ID_CIUDAD) values ('35','TCP','Joel','Suarez','Femenino','09-24-53                                          ','13','03-11-18                                          ','7406 Odio. Avenue','dictum@risusDuis.net','3317670                                           ','Suspendido','1537616036                                        ','35');
Insert into SYSTEM.EMPLEADOS (ID,TIPO,NOMBRES,APELLIDOS,SEXO,FECHA_NACIMIENTO,ANTIGUEDAD,FECHA_ULTIMO_ENTRENAMIENTO,DIRECCION,CORREO,CELULAR,ESTADO,HORAS_DESCANSO_ULTIMO_VUELO,ID_CIUDAD) values ('36','TCP','Kelsie','Hodges','Masculino','10-14-63                                          ','8','04-23-17                                          ','P.O. Box 710, 4474 Nullam St.','dictum.cursus.Nunc@etnetus.org','3639861                                           ','Jubilado','1503768206                                        ','36');
Insert into SYSTEM.EMPLEADOS (ID,TIPO,NOMBRES,APELLIDOS,SEXO,FECHA_NACIMIENTO,ANTIGUEDAD,FECHA_ULTIMO_ENTRENAMIENTO,DIRECCION,CORREO,CELULAR,ESTADO,HORAS_DESCANSO_ULTIMO_VUELO,ID_CIUDAD) values ('37','TCP','Janna','Norman','Femenino','08-17-84                                          ','27','05-26-18                                          ','Ap #774-4059 Luctus, Av.','mauris.Integer.sem@Nullam.net','3745179                                           ','Suspendido','1544895168                                        ','37');
Insert into SYSTEM.EMPLEADOS (ID,TIPO,NOMBRES,APELLIDOS,SEXO,FECHA_NACIMIENTO,ANTIGUEDAD,FECHA_ULTIMO_ENTRENAMIENTO,DIRECCION,CORREO,CELULAR,ESTADO,HORAS_DESCANSO_ULTIMO_VUELO,ID_CIUDAD) values ('38','TCP','Martena','Hewitt','Masculino','02-05-56                                          ','25','01-01-19                                          ','792-8812 Quisque St.','nibh.vulputate.mauris@natoquepenatibuset.org','3072984                                           ','Jubilado','1538386807                                        ','38');
Insert into SYSTEM.EMPLEADOS (ID,TIPO,NOMBRES,APELLIDOS,SEXO,FECHA_NACIMIENTO,ANTIGUEDAD,FECHA_ULTIMO_ENTRENAMIENTO,DIRECCION,CORREO,CELULAR,ESTADO,HORAS_DESCANSO_ULTIMO_VUELO,ID_CIUDAD) values ('39','TCP','Amity','Hernandez','Masculino','01-05-06                                          ','15','05-12-17                                          ','400-3168 Quam. Av.','Maecenas@lectusconvallisest.com','3513128                                           ','En_entrenamiento','1494085605                                        ','39');
Insert into SYSTEM.EMPLEADOS (ID,TIPO,NOMBRES,APELLIDOS,SEXO,FECHA_NACIMIENTO,ANTIGUEDAD,FECHA_ULTIMO_ENTRENAMIENTO,DIRECCION,CORREO,CELULAR,ESTADO,HORAS_DESCANSO_ULTIMO_VUELO,ID_CIUDAD) values ('40','TCP','Robert','Fuller','Masculino','07-02-99                                          ','6','09-09-18                                          ','2862 Leo. Avenue','libero@magnatellusfaucibus.co.uk','3220869                                           ','Jubilado','1546284835                                        ','40');
Insert into SYSTEM.EMPLEADOS (ID,TIPO,NOMBRES,APELLIDOS,SEXO,FECHA_NACIMIENTO,ANTIGUEDAD,FECHA_ULTIMO_ENTRENAMIENTO,DIRECCION,CORREO,CELULAR,ESTADO,HORAS_DESCANSO_ULTIMO_VUELO,ID_CIUDAD) values ('41','TCP','Anjolie','Larsen','Masculino','06-09-98                                          ','9','10-09-18                                          ','7302 Rutrum St.','Cras@duiquis.edu','3936257                                           ','Inactivo','1493295352                                        ','41');
Insert into SYSTEM.EMPLEADOS (ID,TIPO,NOMBRES,APELLIDOS,SEXO,FECHA_NACIMIENTO,ANTIGUEDAD,FECHA_ULTIMO_ENTRENAMIENTO,DIRECCION,CORREO,CELULAR,ESTADO,HORAS_DESCANSO_ULTIMO_VUELO,ID_CIUDAD) values ('42','TCP','Kibo','Avila','Femenino','05-26-56                                          ','13','07-13-18                                          ','Ap #440-1367 Vulputate Street','tempus@consectetueradipiscingelit.com','3433059                                           ','Inactivo','1518700976                                        ','42');
Insert into SYSTEM.EMPLEADOS (ID,TIPO,NOMBRES,APELLIDOS,SEXO,FECHA_NACIMIENTO,ANTIGUEDAD,FECHA_ULTIMO_ENTRENAMIENTO,DIRECCION,CORREO,CELULAR,ESTADO,HORAS_DESCANSO_ULTIMO_VUELO,ID_CIUDAD) values ('43','TCP','Sonya','Black','Masculino','01-14-15                                          ','7','01-16-18                                          ','333-3835 Dictum Street','Nullam@parturient.net','3790555                                           ','Licencia','1497089957                                        ','43');
Insert into SYSTEM.EMPLEADOS (ID,TIPO,NOMBRES,APELLIDOS,SEXO,FECHA_NACIMIENTO,ANTIGUEDAD,FECHA_ULTIMO_ENTRENAMIENTO,DIRECCION,CORREO,CELULAR,ESTADO,HORAS_DESCANSO_ULTIMO_VUELO,ID_CIUDAD) values ('44','TCP','Dawn','Mcdaniel','Femenino','06-07-83                                          ','17','12-11-17                                          ','P.O. Box 233, 9780 Lorem, Avenue','dictum@adlitoratorquent.com','3287054                                           ','Vacaciones','1493793995                                        ','44');
Insert into SYSTEM.EMPLEADOS (ID,TIPO,NOMBRES,APELLIDOS,SEXO,FECHA_NACIMIENTO,ANTIGUEDAD,FECHA_ULTIMO_ENTRENAMIENTO,DIRECCION,CORREO,CELULAR,ESTADO,HORAS_DESCANSO_ULTIMO_VUELO,ID_CIUDAD) values ('45','TCP','Adara','Guzman','Masculino','02-08-64                                          ','15','06-20-17                                          ','9980 Est, Ave','Nunc.laoreet.lectus@risus.co.uk','3146574                                           ','En_entrenamiento','1549659345                                        ','45');
Insert into SYSTEM.EMPLEADOS (ID,TIPO,NOMBRES,APELLIDOS,SEXO,FECHA_NACIMIENTO,ANTIGUEDAD,FECHA_ULTIMO_ENTRENAMIENTO,DIRECCION,CORREO,CELULAR,ESTADO,HORAS_DESCANSO_ULTIMO_VUELO,ID_CIUDAD) values ('46','TCP','Daryl','Tate','Femenino','03-02-61                                          ','17','02-17-19                                          ','P.O. Box 622, 5720 Et Avenue','eu.dolor@malesuadaid.ca','3332065                                           ','Suspendido','1493791991                                        ','46');
Insert into SYSTEM.EMPLEADOS (ID,TIPO,NOMBRES,APELLIDOS,SEXO,FECHA_NACIMIENTO,ANTIGUEDAD,FECHA_ULTIMO_ENTRENAMIENTO,DIRECCION,CORREO,CELULAR,ESTADO,HORAS_DESCANSO_ULTIMO_VUELO,ID_CIUDAD) values ('47','TCP','Zahir','Nielsen','Femenino','06-02-63                                          ','39','03-07-19                                          ','Ap #313-8543 Egestas St.','a@nec.edu','3152700                                           ','Inactivo','1527991264                                        ','47');
Insert into SYSTEM.EMPLEADOS (ID,TIPO,NOMBRES,APELLIDOS,SEXO,FECHA_NACIMIENTO,ANTIGUEDAD,FECHA_ULTIMO_ENTRENAMIENTO,DIRECCION,CORREO,CELULAR,ESTADO,HORAS_DESCANSO_ULTIMO_VUELO,ID_CIUDAD) values ('48','TCP','Magee','Vincent','Masculino','01-26-67                                          ','4','01-29-18                                          ','446-3191 At, Street','nisl@Duis.org','3813259                                           ','Activo','1532891509                                        ','48');
Insert into SYSTEM.EMPLEADOS (ID,TIPO,NOMBRES,APELLIDOS,SEXO,FECHA_NACIMIENTO,ANTIGUEDAD,FECHA_ULTIMO_ENTRENAMIENTO,DIRECCION,CORREO,CELULAR,ESTADO,HORAS_DESCANSO_ULTIMO_VUELO,ID_CIUDAD) values ('49','TCP','Dante','Boone','Femenino','11-03-07                                          ','39','11-11-18                                          ','P.O. Box 540, 9662 Donec Rd.','interdum.Nunc.sollicitudin@nonummyacfeugiat.org','3821605                                           ','En_vuelo','1524402309                                        ','49');
Insert into SYSTEM.EMPLEADOS (ID,TIPO,NOMBRES,APELLIDOS,SEXO,FECHA_NACIMIENTO,ANTIGUEDAD,FECHA_ULTIMO_ENTRENAMIENTO,DIRECCION,CORREO,CELULAR,ESTADO,HORAS_DESCANSO_ULTIMO_VUELO,ID_CIUDAD) values ('50','TCP','Kasper','Russell','Masculino','08-16-07                                          ','36','07-10-17                                          ','2569 Magnis Rd.','purus@enim.edu','3612990                                           ','Despedido','1523624279                                        ','50');

--PILOTOS

Insert into SYSTEM.PILOTOS (ID,NIVEL_INGLES,CARGO,CANTIDAD_HORAS_ACUMULADAS,TIPO_LICENCIA,ID_EMPLEADO) values ('1','Nivel_6_Expert','Copiloto','1','CPL_ME','1');
Insert into SYSTEM.PILOTOS (ID,NIVEL_INGLES,CARGO,CANTIDAD_HORAS_ACUMULADAS,TIPO_LICENCIA,ID_EMPLEADO) values ('2','Nivel_4_Operational','Copiloto','2','ATPL','2');
Insert into SYSTEM.PILOTOS (ID,NIVEL_INGLES,CARGO,CANTIDAD_HORAS_ACUMULADAS,TIPO_LICENCIA,ID_EMPLEADO) values ('3','Nivel_5_Extended','Piloto','3','CPL','3');
Insert into SYSTEM.PILOTOS (ID,NIVEL_INGLES,CARGO,CANTIDAD_HORAS_ACUMULADAS,TIPO_LICENCIA,ID_EMPLEADO) values ('4','Nivel_4_Operational','Copiloto','4','CPL_IFR','4');
Insert into SYSTEM.PILOTOS (ID,NIVEL_INGLES,CARGO,CANTIDAD_HORAS_ACUMULADAS,TIPO_LICENCIA,ID_EMPLEADO) values ('5','Nivel_1_Pre-elementary','Copiloto','5','CPL_ME','5');
Insert into SYSTEM.PILOTOS (ID,NIVEL_INGLES,CARGO,CANTIDAD_HORAS_ACUMULADAS,TIPO_LICENCIA,ID_EMPLEADO) values ('6','Nivel_2_Elementary','Piloto','6','CPL_ME','6');
Insert into SYSTEM.PILOTOS (ID,NIVEL_INGLES,CARGO,CANTIDAD_HORAS_ACUMULADAS,TIPO_LICENCIA,ID_EMPLEADO) values ('7','Nivel_4_Operational','Piloto','7','CPL_ME','7');
Insert into SYSTEM.PILOTOS (ID,NIVEL_INGLES,CARGO,CANTIDAD_HORAS_ACUMULADAS,TIPO_LICENCIA,ID_EMPLEADO) values ('8','Nivel_2_Elementary','Piloto','8','CPL','8');
Insert into SYSTEM.PILOTOS (ID,NIVEL_INGLES,CARGO,CANTIDAD_HORAS_ACUMULADAS,TIPO_LICENCIA,ID_EMPLEADO) values ('9','Nivel_3_Pre-Operational','Copiloto','9','ATPL','9');
Insert into SYSTEM.PILOTOS (ID,NIVEL_INGLES,CARGO,CANTIDAD_HORAS_ACUMULADAS,TIPO_LICENCIA,ID_EMPLEADO) values ('10','Nivel_2_Elementary','Copiloto','10','CPL_IFR','10');
Insert into SYSTEM.PILOTOS (ID,NIVEL_INGLES,CARGO,CANTIDAD_HORAS_ACUMULADAS,TIPO_LICENCIA,ID_EMPLEADO) values ('11','Nivel_3_Pre-Operational','Piloto','11','ATPL','11');
Insert into SYSTEM.PILOTOS (ID,NIVEL_INGLES,CARGO,CANTIDAD_HORAS_ACUMULADAS,TIPO_LICENCIA,ID_EMPLEADO) values ('12','Nivel_4_Operational','Piloto','12','CPL_ME','12');
Insert into SYSTEM.PILOTOS (ID,NIVEL_INGLES,CARGO,CANTIDAD_HORAS_ACUMULADAS,TIPO_LICENCIA,ID_EMPLEADO) values ('13','Nivel_3_Pre-Operational','Piloto','13','ATPL','13');
Insert into SYSTEM.PILOTOS (ID,NIVEL_INGLES,CARGO,CANTIDAD_HORAS_ACUMULADAS,TIPO_LICENCIA,ID_EMPLEADO) values ('14','Nivel_2_Elementary','Copiloto','14','CPL_ME','14');
Insert into SYSTEM.PILOTOS (ID,NIVEL_INGLES,CARGO,CANTIDAD_HORAS_ACUMULADAS,TIPO_LICENCIA,ID_EMPLEADO) values ('15','Nivel_6_Expert','Copiloto','15','ATPL','15');
Insert into SYSTEM.PILOTOS (ID,NIVEL_INGLES,CARGO,CANTIDAD_HORAS_ACUMULADAS,TIPO_LICENCIA,ID_EMPLEADO) values ('16','Nivel_5_Extended','Copiloto','16','CPL_IFR','16');
Insert into SYSTEM.PILOTOS (ID,NIVEL_INGLES,CARGO,CANTIDAD_HORAS_ACUMULADAS,TIPO_LICENCIA,ID_EMPLEADO) values ('17','Nivel_5_Extended','Piloto','17','CPL_ME','17');
Insert into SYSTEM.PILOTOS (ID,NIVEL_INGLES,CARGO,CANTIDAD_HORAS_ACUMULADAS,TIPO_LICENCIA,ID_EMPLEADO) values ('18','Nivel_1_Pre-elementary','Copiloto','18','CPL','18');
Insert into SYSTEM.PILOTOS (ID,NIVEL_INGLES,CARGO,CANTIDAD_HORAS_ACUMULADAS,TIPO_LICENCIA,ID_EMPLEADO) values ('19','Nivel_1_Pre-elementary','Copiloto','19','CPL_ME','19');
Insert into SYSTEM.PILOTOS (ID,NIVEL_INGLES,CARGO,CANTIDAD_HORAS_ACUMULADAS,TIPO_LICENCIA,ID_EMPLEADO) values ('20','Nivel_1_Pre-elementary','Copiloto','20','ATPL','20');
Insert into SYSTEM.PILOTOS (ID,NIVEL_INGLES,CARGO,CANTIDAD_HORAS_ACUMULADAS,TIPO_LICENCIA,ID_EMPLEADO) values ('21','Nivel_4_Operational','Piloto','21','CPL_IFR','21');
Insert into SYSTEM.PILOTOS (ID,NIVEL_INGLES,CARGO,CANTIDAD_HORAS_ACUMULADAS,TIPO_LICENCIA,ID_EMPLEADO) values ('22','Nivel_3_Pre-Operational','Copiloto','22','CPL_ME','22');
Insert into SYSTEM.PILOTOS (ID,NIVEL_INGLES,CARGO,CANTIDAD_HORAS_ACUMULADAS,TIPO_LICENCIA,ID_EMPLEADO) values ('23','Nivel_3_Pre-Operational','Piloto','23','CPL_IFR','23');
Insert into SYSTEM.PILOTOS (ID,NIVEL_INGLES,CARGO,CANTIDAD_HORAS_ACUMULADAS,TIPO_LICENCIA,ID_EMPLEADO) values ('24','Nivel_5_Extended','Copiloto','24','ATPL','24');
Insert into SYSTEM.PILOTOS (ID,NIVEL_INGLES,CARGO,CANTIDAD_HORAS_ACUMULADAS,TIPO_LICENCIA,ID_EMPLEADO) values ('25','Nivel_5_Extended','Copiloto','25','CPL_ME','25');
Insert into SYSTEM.PILOTOS (ID,NIVEL_INGLES,CARGO,CANTIDAD_HORAS_ACUMULADAS,TIPO_LICENCIA,ID_EMPLEADO) values ('26','Nivel_5_Extended','Copiloto','26','CPL','26');
Insert into SYSTEM.PILOTOS (ID,NIVEL_INGLES,CARGO,CANTIDAD_HORAS_ACUMULADAS,TIPO_LICENCIA,ID_EMPLEADO) values ('27','Nivel_1_Pre-elementary','Piloto','27','CPL','27');
Insert into SYSTEM.PILOTOS (ID,NIVEL_INGLES,CARGO,CANTIDAD_HORAS_ACUMULADAS,TIPO_LICENCIA,ID_EMPLEADO) values ('28','Nivel_5_Extended','Copiloto','28','ATPL','28');
Insert into SYSTEM.PILOTOS (ID,NIVEL_INGLES,CARGO,CANTIDAD_HORAS_ACUMULADAS,TIPO_LICENCIA,ID_EMPLEADO) values ('29','Nivel_6_Expert','Piloto','29','ATPL','29');
Insert into SYSTEM.PILOTOS (ID,NIVEL_INGLES,CARGO,CANTIDAD_HORAS_ACUMULADAS,TIPO_LICENCIA,ID_EMPLEADO) values ('30','Nivel_3_Pre-Operational','Copiloto','30','CPL','30');
Insert into SYSTEM.PILOTOS (ID,NIVEL_INGLES,CARGO,CANTIDAD_HORAS_ACUMULADAS,TIPO_LICENCIA,ID_EMPLEADO) values ('31','Nivel_3_Pre-Operational','Piloto','31','CPL','31');
Insert into SYSTEM.PILOTOS (ID,NIVEL_INGLES,CARGO,CANTIDAD_HORAS_ACUMULADAS,TIPO_LICENCIA,ID_EMPLEADO) values ('32','Nivel_1_Pre-elementary','Piloto','32','ATPL','32');
Insert into SYSTEM.PILOTOS (ID,NIVEL_INGLES,CARGO,CANTIDAD_HORAS_ACUMULADAS,TIPO_LICENCIA,ID_EMPLEADO) values ('33','Nivel_3_Pre-Operational','Piloto','33','CPL_IFR','33');
Insert into SYSTEM.PILOTOS (ID,NIVEL_INGLES,CARGO,CANTIDAD_HORAS_ACUMULADAS,TIPO_LICENCIA,ID_EMPLEADO) values ('34','Nivel_6_Expert','Copiloto','34','CPL','34');
Insert into SYSTEM.PILOTOS (ID,NIVEL_INGLES,CARGO,CANTIDAD_HORAS_ACUMULADAS,TIPO_LICENCIA,ID_EMPLEADO) values ('35','Nivel_4_Operational','Copiloto','35','CPL_IFR','35');
Insert into SYSTEM.PILOTOS (ID,NIVEL_INGLES,CARGO,CANTIDAD_HORAS_ACUMULADAS,TIPO_LICENCIA,ID_EMPLEADO) values ('36','Nivel_3_Pre-Operational','Copiloto','36','CPL_IFR','36');
Insert into SYSTEM.PILOTOS (ID,NIVEL_INGLES,CARGO,CANTIDAD_HORAS_ACUMULADAS,TIPO_LICENCIA,ID_EMPLEADO) values ('37','Nivel_3_Pre-Operational','Copiloto','37','CPL_IFR','37');
Insert into SYSTEM.PILOTOS (ID,NIVEL_INGLES,CARGO,CANTIDAD_HORAS_ACUMULADAS,TIPO_LICENCIA,ID_EMPLEADO) values ('38','Nivel_2_Elementary','Copiloto','38','CPL_IFR','38');
Insert into SYSTEM.PILOTOS (ID,NIVEL_INGLES,CARGO,CANTIDAD_HORAS_ACUMULADAS,TIPO_LICENCIA,ID_EMPLEADO) values ('39','Nivel_3_Pre-Operational','Copiloto','39','ATPL','39');
Insert into SYSTEM.PILOTOS (ID,NIVEL_INGLES,CARGO,CANTIDAD_HORAS_ACUMULADAS,TIPO_LICENCIA,ID_EMPLEADO) values ('40','Nivel_2_Elementary','Piloto','40','CPL','40');
Insert into SYSTEM.PILOTOS (ID,NIVEL_INGLES,CARGO,CANTIDAD_HORAS_ACUMULADAS,TIPO_LICENCIA,ID_EMPLEADO) values ('41','Nivel_4_Operational','Copiloto','41','CPL_IFR','41');
Insert into SYSTEM.PILOTOS (ID,NIVEL_INGLES,CARGO,CANTIDAD_HORAS_ACUMULADAS,TIPO_LICENCIA,ID_EMPLEADO) values ('42','Nivel_5_Extended','Copiloto','42','CPL_IFR','42');
Insert into SYSTEM.PILOTOS (ID,NIVEL_INGLES,CARGO,CANTIDAD_HORAS_ACUMULADAS,TIPO_LICENCIA,ID_EMPLEADO) values ('43','Nivel_1_Pre-elementary','Piloto','43','CPL_IFR','43');
Insert into SYSTEM.PILOTOS (ID,NIVEL_INGLES,CARGO,CANTIDAD_HORAS_ACUMULADAS,TIPO_LICENCIA,ID_EMPLEADO) values ('44','Nivel_2_Elementary','Copiloto','44','CPL_IFR','44');
Insert into SYSTEM.PILOTOS (ID,NIVEL_INGLES,CARGO,CANTIDAD_HORAS_ACUMULADAS,TIPO_LICENCIA,ID_EMPLEADO) values ('45','Nivel_6_Expert','Copiloto','45','CPL_ME','45');
Insert into SYSTEM.PILOTOS (ID,NIVEL_INGLES,CARGO,CANTIDAD_HORAS_ACUMULADAS,TIPO_LICENCIA,ID_EMPLEADO) values ('46','Nivel_3_Pre-Operational','Piloto','46','CPL','46');
Insert into SYSTEM.PILOTOS (ID,NIVEL_INGLES,CARGO,CANTIDAD_HORAS_ACUMULADAS,TIPO_LICENCIA,ID_EMPLEADO) values ('47','Nivel_1_Pre-elementary','Piloto','47','ATPL','47');
Insert into SYSTEM.PILOTOS (ID,NIVEL_INGLES,CARGO,CANTIDAD_HORAS_ACUMULADAS,TIPO_LICENCIA,ID_EMPLEADO) values ('48','Nivel_5_Extended','Copiloto','48','CPL_IFR','48');
Insert into SYSTEM.PILOTOS (ID,NIVEL_INGLES,CARGO,CANTIDAD_HORAS_ACUMULADAS,TIPO_LICENCIA,ID_EMPLEADO) values ('49','Nivel_3_Pre-Operational','Copiloto','49','ATPL','49');
Insert into SYSTEM.PILOTOS (ID,NIVEL_INGLES,CARGO,CANTIDAD_HORAS_ACUMULADAS,TIPO_LICENCIA,ID_EMPLEADO) values ('50','Nivel_2_Elementary','Copiloto','50','CPL_IFR','50');

---AVIONES
Insert into SYSTEM.AVIONES (ID,MATRICULA,NUMERO_SERIAL,EDAD,NUM_ASIENTOS_PRIMERA_CLASE,NUM_ASIENTOS_CLASE_ECONOMICA,MARCA,ESTADO,ID_AEROPUERTOS) values ('1','N764AV','7887','Brand new','12','138','Airbus A320_251N','Vuelo','1');
Insert into SYSTEM.AVIONES (ID,MATRICULA,NUMERO_SERIAL,EDAD,NUM_ASIENTOS_PRIMERA_CLASE,NUM_ASIENTOS_CLASE_ECONOMICA,MARCA,ESTADO,ID_AEROPUERTOS) values ('2','N765AV','7928','Brand new','12','138','Airbus A320_251N','Vuelo','2');
Insert into SYSTEM.AVIONES (ID,MATRICULA,NUMERO_SERIAL,EDAD,NUM_ASIENTOS_PRIMERA_CLASE,NUM_ASIENTOS_CLASE_ECONOMICA,MARCA,ESTADO,ID_AEROPUERTOS) values ('3','N766AV','8096','Brand new','12','138','Airbus A320_251N','Vuelo','3');
Insert into SYSTEM.AVIONES (ID,MATRICULA,NUMERO_SERIAL,EDAD,NUM_ASIENTOS_PRIMERA_CLASE,NUM_ASIENTOS_CLASE_ECONOMICA,MARCA,ESTADO,ID_AEROPUERTOS) values ('4','PR_OBD','7175','1 year','12','138','Airbus A320_251N','Vuelo','4');
Insert into SYSTEM.AVIONES (ID,MATRICULA,NUMERO_SERIAL,EDAD,NUM_ASIENTOS_PRIMERA_CLASE,NUM_ASIENTOS_CLASE_ECONOMICA,MARCA,ESTADO,ID_AEROPUERTOS) values ('5','PR_OBF','7323','1 year','12','138','Airbus A320_251N','Vuelo','5');
Insert into SYSTEM.AVIONES (ID,MATRICULA,NUMERO_SERIAL,EDAD,NUM_ASIENTOS_PRIMERA_CLASE,NUM_ASIENTOS_CLASE_ECONOMICA,MARCA,ESTADO,ID_AEROPUERTOS) values ('6','PR_OBH','7484','1 year','12','138','Airbus A320_251N','Vuelo','6');
Insert into SYSTEM.AVIONES (ID,MATRICULA,NUMERO_SERIAL,EDAD,NUM_ASIENTOS_PRIMERA_CLASE,NUM_ASIENTOS_CLASE_ECONOMICA,MARCA,ESTADO,ID_AEROPUERTOS) values ('7','PR_OBI','7514','1 year','12','138','Airbus A320_251N','Vuelo','7');
Insert into SYSTEM.AVIONES (ID,MATRICULA,NUMERO_SERIAL,EDAD,NUM_ASIENTOS_PRIMERA_CLASE,NUM_ASIENTOS_CLASE_ECONOMICA,MARCA,ESTADO,ID_AEROPUERTOS) values ('8','PR_OBJ','7698','Brand new','12','138','Airbus A320_251N','Vuelo','8');
Insert into SYSTEM.AVIONES (ID,MATRICULA,NUMERO_SERIAL,EDAD,NUM_ASIENTOS_PRIMERA_CLASE,NUM_ASIENTOS_CLASE_ECONOMICA,MARCA,ESTADO,ID_AEROPUERTOS) values ('9','PR_OBK','7799','Brand new','12','138','Airbus A320_251N','Vuelo','9');
Insert into SYSTEM.AVIONES (ID,MATRICULA,NUMERO_SERIAL,EDAD,NUM_ASIENTOS_PRIMERA_CLASE,NUM_ASIENTOS_CLASE_ECONOMICA,MARCA,ESTADO,ID_AEROPUERTOS) values ('10','PR_OBL','7854','Brand new','12','138','Airbus A320_251N','Vuelo','10');
Insert into SYSTEM.AVIONES (ID,MATRICULA,NUMERO_SERIAL,EDAD,NUM_ASIENTOS_PRIMERA_CLASE,NUM_ASIENTOS_CLASE_ECONOMICA,MARCA,ESTADO,ID_AEROPUERTOS) values ('11','PR_OBM','7856','Brand new','12','138','Airbus A320_251N','Vuelo','11');
Insert into SYSTEM.AVIONES (ID,MATRICULA,NUMERO_SERIAL,EDAD,NUM_ASIENTOS_PRIMERA_CLASE,NUM_ASIENTOS_CLASE_ECONOMICA,MARCA,ESTADO,ID_AEROPUERTOS) values ('12','PR_OBO','7995','Brand new','12','138','Airbus A320_251N','Vuelo','12');
Insert into SYSTEM.AVIONES (ID,MATRICULA,NUMERO_SERIAL,EDAD,NUM_ASIENTOS_PRIMERA_CLASE,NUM_ASIENTOS_CLASE_ECONOMICA,MARCA,ESTADO,ID_AEROPUERTOS) values ('13','N759AV','7770','Brand new','12','182','Airbus A321_253N','Vuelo','13');
Insert into SYSTEM.AVIONES (ID,MATRICULA,NUMERO_SERIAL,EDAD,NUM_ASIENTOS_PRIMERA_CLASE,NUM_ASIENTOS_CLASE_ECONOMICA,MARCA,ESTADO,ID_AEROPUERTOS) values ('14','N761AV','7847','Brand new','12','182','Airbus A321_253N','Tierra','14');
Insert into SYSTEM.AVIONES (ID,MATRICULA,NUMERO_SERIAL,EDAD,NUM_ASIENTOS_PRIMERA_CLASE,NUM_ASIENTOS_CLASE_ECONOMICA,MARCA,ESTADO,ID_AEROPUERTOS) values ('15','N589AV','2575','12 years','12','88','Airbus A318_111','Tierra','15');
Insert into SYSTEM.AVIONES (ID,MATRICULA,NUMERO_SERIAL,EDAD,NUM_ASIENTOS_PRIMERA_CLASE,NUM_ASIENTOS_CLASE_ECONOMICA,MARCA,ESTADO,ID_AEROPUERTOS) values ('16','N590EL','2328','13 years','12','88','Airbus A318_111','Tierra','16');
Insert into SYSTEM.AVIONES (ID,MATRICULA,NUMERO_SERIAL,EDAD,NUM_ASIENTOS_PRIMERA_CLASE,NUM_ASIENTOS_CLASE_ECONOMICA,MARCA,ESTADO,ID_AEROPUERTOS) values ('17','N591EL','2333','13 years','12','88','Airbus A318_111','Tierra','17');
Insert into SYSTEM.AVIONES (ID,MATRICULA,NUMERO_SERIAL,EDAD,NUM_ASIENTOS_PRIMERA_CLASE,NUM_ASIENTOS_CLASE_ECONOMICA,MARCA,ESTADO,ID_AEROPUERTOS) values ('18','N592EL','2358','13 years','12','88','Airbus A318_111','Tierra','18');
Insert into SYSTEM.AVIONES (ID,MATRICULA,NUMERO_SERIAL,EDAD,NUM_ASIENTOS_PRIMERA_CLASE,NUM_ASIENTOS_CLASE_ECONOMICA,MARCA,ESTADO,ID_AEROPUERTOS) values ('19','N593EL','2367','13 years','12','88','Airbus A318_111','Tierra','19');
Insert into SYSTEM.AVIONES (ID,MATRICULA,NUMERO_SERIAL,EDAD,NUM_ASIENTOS_PRIMERA_CLASE,NUM_ASIENTOS_CLASE_ECONOMICA,MARCA,ESTADO,ID_AEROPUERTOS) values ('20','N594EL','2377','13 years','12','88','Airbus A318_111','Tierra','20');
Insert into SYSTEM.AVIONES (ID,MATRICULA,NUMERO_SERIAL,EDAD,NUM_ASIENTOS_PRIMERA_CLASE,NUM_ASIENTOS_CLASE_ECONOMICA,MARCA,ESTADO,ID_AEROPUERTOS) values ('21','N595EL','2394','13 years','12','88','Airbus A318_111','Tierra','21');
Insert into SYSTEM.AVIONES (ID,MATRICULA,NUMERO_SERIAL,EDAD,NUM_ASIENTOS_PRIMERA_CLASE,NUM_ASIENTOS_CLASE_ECONOMICA,MARCA,ESTADO,ID_AEROPUERTOS) values ('22','N596EL','2523','12 years','12','88','Airbus A318_111','Tierra','22');
Insert into SYSTEM.AVIONES (ID,MATRICULA,NUMERO_SERIAL,EDAD,NUM_ASIENTOS_PRIMERA_CLASE,NUM_ASIENTOS_CLASE_ECONOMICA,MARCA,ESTADO,ID_AEROPUERTOS) values ('23','N597EL','2544','12 years','12','88','Airbus A318_111','Tierra','23');
Insert into SYSTEM.AVIONES (ID,MATRICULA,NUMERO_SERIAL,EDAD,NUM_ASIENTOS_PRIMERA_CLASE,NUM_ASIENTOS_CLASE_ECONOMICA,MARCA,ESTADO,ID_AEROPUERTOS) values ('24','N598EL','2552','12 years','12','88','Airbus A318_111','Tierra','24');
Insert into SYSTEM.AVIONES (ID,MATRICULA,NUMERO_SERIAL,EDAD,NUM_ASIENTOS_PRIMERA_CLASE,NUM_ASIENTOS_CLASE_ECONOMICA,MARCA,ESTADO,ID_AEROPUERTOS) values ('25','PR_AVJ','3030','10 years','12','88','Airbus A318_122','Tierra','25');
Insert into SYSTEM.AVIONES (ID,MATRICULA,NUMERO_SERIAL,EDAD,NUM_ASIENTOS_PRIMERA_CLASE,NUM_ASIENTOS_CLASE_ECONOMICA,MARCA,ESTADO,ID_AEROPUERTOS) values ('26','PR_AVL','3214','10 years','12','88','Airbus A318_122','Tierra','26');
Insert into SYSTEM.AVIONES (ID,MATRICULA,NUMERO_SERIAL,EDAD,NUM_ASIENTOS_PRIMERA_CLASE,NUM_ASIENTOS_CLASE_ECONOMICA,MARCA,ESTADO,ID_AEROPUERTOS) values ('27','PR_ONC','3371','10 years','12','88','Airbus A318_122','Tierra','27');
Insert into SYSTEM.AVIONES (ID,MATRICULA,NUMERO_SERIAL,EDAD,NUM_ASIENTOS_PRIMERA_CLASE,NUM_ASIENTOS_CLASE_ECONOMICA,MARCA,ESTADO,ID_AEROPUERTOS) values ('28','PR_OND','3390','10 years','12','88','Airbus A318_122','Mantenimiento','28');
Insert into SYSTEM.AVIONES (ID,MATRICULA,NUMERO_SERIAL,EDAD,NUM_ASIENTOS_PRIMERA_CLASE,NUM_ASIENTOS_CLASE_ECONOMICA,MARCA,ESTADO,ID_AEROPUERTOS) values ('29','PR_ONI','3509','9 years','12','88','Airbus A318_122','Mantenimiento','29');
Insert into SYSTEM.AVIONES (ID,MATRICULA,NUMERO_SERIAL,EDAD,NUM_ASIENTOS_PRIMERA_CLASE,NUM_ASIENTOS_CLASE_ECONOMICA,MARCA,ESTADO,ID_AEROPUERTOS) values ('30','PR_ONO','3602','9 years','12','88','Airbus A318_122','Mantenimiento','30');
Insert into SYSTEM.AVIONES (ID,MATRICULA,NUMERO_SERIAL,EDAD,NUM_ASIENTOS_PRIMERA_CLASE,NUM_ASIENTOS_CLASE_ECONOMICA,MARCA,ESTADO,ID_AEROPUERTOS) values ('31','PR_ONR','3642','9 years','12','88','Airbus A318_122','Mantenimiento','31');
Insert into SYSTEM.AVIONES (ID,MATRICULA,NUMERO_SERIAL,EDAD,NUM_ASIENTOS_PRIMERA_CLASE,NUM_ASIENTOS_CLASE_ECONOMICA,MARCA,ESTADO,ID_AEROPUERTOS) values ('32','HC_CKN','1882','15 years','12','108','Airbus A319_112','Mantenimiento','32');
Insert into SYSTEM.AVIONES (ID,MATRICULA,NUMERO_SERIAL,EDAD,NUM_ASIENTOS_PRIMERA_CLASE,NUM_ASIENTOS_CLASE_ECONOMICA,MARCA,ESTADO,ID_AEROPUERTOS) values ('33','HC_CLF','2078','14 years','12','108','Airbus A319_112','Mantenimiento','33');
Insert into SYSTEM.AVIONES (ID,MATRICULA,NUMERO_SERIAL,EDAD,NUM_ASIENTOS_PRIMERA_CLASE,NUM_ASIENTOS_CLASE_ECONOMICA,MARCA,ESTADO,ID_AEROPUERTOS) values ('34','HC_CSA','3518','9 years','12','108','Airbus A319_115','Mantenimiento','34');
Insert into SYSTEM.AVIONES (ID,MATRICULA,NUMERO_SERIAL,EDAD,NUM_ASIENTOS_PRIMERA_CLASE,NUM_ASIENTOS_CLASE_ECONOMICA,MARCA,ESTADO,ID_AEROPUERTOS) values ('35','HC_CSB','3467','9 years','12','108','Airbus A319_115','Mantenimiento','35');
Insert into SYSTEM.AVIONES (ID,MATRICULA,NUMERO_SERIAL,EDAD,NUM_ASIENTOS_PRIMERA_CLASE,NUM_ASIENTOS_CLASE_ECONOMICA,MARCA,ESTADO,ID_AEROPUERTOS) values ('36','N422AV','4200','8 years','12','108','Airbus A319_115','Mantenimiento','36');
Insert into SYSTEM.AVIONES (ID,MATRICULA,NUMERO_SERIAL,EDAD,NUM_ASIENTOS_PRIMERA_CLASE,NUM_ASIENTOS_CLASE_ECONOMICA,MARCA,ESTADO,ID_AEROPUERTOS) values ('37','N478TA','2339','13 years','12','108','Airbus A319_132','Mantenimiento','37');
Insert into SYSTEM.AVIONES (ID,MATRICULA,NUMERO_SERIAL,EDAD,NUM_ASIENTOS_PRIMERA_CLASE,NUM_ASIENTOS_CLASE_ECONOMICA,MARCA,ESTADO,ID_AEROPUERTOS) values ('38','N479TA','2444','12 years','12','108','Airbus A319_132','Mantenimiento','38');
Insert into SYSTEM.AVIONES (ID,MATRICULA,NUMERO_SERIAL,EDAD,NUM_ASIENTOS_PRIMERA_CLASE,NUM_ASIENTOS_CLASE_ECONOMICA,MARCA,ESTADO,ID_AEROPUERTOS) values ('39','N480TA','3057','11 years','12','108','Airbus A319_132','Mantenimiento','39');
Insert into SYSTEM.AVIONES (ID,MATRICULA,NUMERO_SERIAL,EDAD,NUM_ASIENTOS_PRIMERA_CLASE,NUM_ASIENTOS_CLASE_ECONOMICA,MARCA,ESTADO,ID_AEROPUERTOS) values ('40','N519AV','5119','5 years','12','108','Airbus A319_115','Mantenimiento','40');
Insert into SYSTEM.AVIONES (ID,MATRICULA,NUMERO_SERIAL,EDAD,NUM_ASIENTOS_PRIMERA_CLASE,NUM_ASIENTOS_CLASE_ECONOMICA,MARCA,ESTADO,ID_AEROPUERTOS) values ('41','N520TA','3248','10 years','12','108','Airbus A319_132','Mantenimiento','41');
Insert into SYSTEM.AVIONES (ID,MATRICULA,NUMERO_SERIAL,EDAD,NUM_ASIENTOS_PRIMERA_CLASE,NUM_ASIENTOS_CLASE_ECONOMICA,MARCA,ESTADO,ID_AEROPUERTOS) values ('42','N521TA','3276','10 years','12','108','Airbus A319_132','Mantenimiento','42');
Insert into SYSTEM.AVIONES (ID,MATRICULA,NUMERO_SERIAL,EDAD,NUM_ASIENTOS_PRIMERA_CLASE,NUM_ASIENTOS_CLASE_ECONOMICA,MARCA,ESTADO,ID_AEROPUERTOS) values ('43','N522TA','5219','5 years','12','108','Airbus A319_132','Reparación','43');
Insert into SYSTEM.AVIONES (ID,MATRICULA,NUMERO_SERIAL,EDAD,NUM_ASIENTOS_PRIMERA_CLASE,NUM_ASIENTOS_CLASE_ECONOMICA,MARCA,ESTADO,ID_AEROPUERTOS) values ('44','N524TA','5280','5 years','12','108','Airbus A319_112','Reparación','44');
Insert into SYSTEM.AVIONES (ID,MATRICULA,NUMERO_SERIAL,EDAD,NUM_ASIENTOS_PRIMERA_CLASE,NUM_ASIENTOS_CLASE_ECONOMICA,MARCA,ESTADO,ID_AEROPUERTOS) values ('45','N557AV','5057','6 years','12','108','Airbus A319_115','Reparación','45');
Insert into SYSTEM.AVIONES (ID,MATRICULA,NUMERO_SERIAL,EDAD,NUM_ASIENTOS_PRIMERA_CLASE,NUM_ASIENTOS_CLASE_ECONOMICA,MARCA,ESTADO,ID_AEROPUERTOS) values ('46','N647AV','3647','9 years','12','108','Airbus A319_115','Reparación','46');
Insert into SYSTEM.AVIONES (ID,MATRICULA,NUMERO_SERIAL,EDAD,NUM_ASIENTOS_PRIMERA_CLASE,NUM_ASIENTOS_CLASE_ECONOMICA,MARCA,ESTADO,ID_AEROPUERTOS) values ('47','N690AV','5944','4 years','12','108','Airbus A319_132','Reparación','47');
Insert into SYSTEM.AVIONES (ID,MATRICULA,NUMERO_SERIAL,EDAD,NUM_ASIENTOS_PRIMERA_CLASE,NUM_ASIENTOS_CLASE_ECONOMICA,MARCA,ESTADO,ID_AEROPUERTOS) values ('48','N691AV','3691','9 years','12','108','Airbus A319_115','Reparación','48');
Insert into SYSTEM.AVIONES (ID,MATRICULA,NUMERO_SERIAL,EDAD,NUM_ASIENTOS_PRIMERA_CLASE,NUM_ASIENTOS_CLASE_ECONOMICA,MARCA,ESTADO,ID_AEROPUERTOS) values ('49','N694AV','6068','3 years','12','108','Airbus A319_132','Reparación','49');
Insert into SYSTEM.AVIONES (ID,MATRICULA,NUMERO_SERIAL,EDAD,NUM_ASIENTOS_PRIMERA_CLASE,NUM_ASIENTOS_CLASE_ECONOMICA,MARCA,ESTADO,ID_AEROPUERTOS) values ('50','N695AV','6099','3 years','12','108','Airbus A319_132','Reparación','50');


---itinerarios

Insert into SYSTEM.ITINERARIOS (ID,FECHA,HORA_ESTIMADA_SALIDA,HORA_REAL_SALIDA,ESTADO,TOTAL_PASAJEROS_PRIMERACLASE,TOTAL_PASAJEROS_CLASEECONOMICA,DURACION_REAL,HORA_ESTIMADA_LLEGADA,HORA_REAL_LLEGADA,ID_VUELO,ID_PILOTO,ID_COPILOTO,ID_AVION) values ('1',to_date('03/09/13','DD/MM/RR'),'20:51:41                                                                                            ','15:41:53                                                                                            ','Cancelado','1','1','1','21:27:00                                                                                            ','14:23:50                                                                                            ','1','1','1','1');
Insert into SYSTEM.ITINERARIOS (ID,FECHA,HORA_ESTIMADA_SALIDA,HORA_REAL_SALIDA,ESTADO,TOTAL_PASAJEROS_PRIMERACLASE,TOTAL_PASAJEROS_CLASEECONOMICA,DURACION_REAL,HORA_ESTIMADA_LLEGADA,HORA_REAL_LLEGADA,ID_VUELO,ID_PILOTO,ID_COPILOTO,ID_AVION) values ('2',to_date('09/10/82','DD/MM/RR'),'01:51:12                                                                                            ','09:44:11                                                                                            ','Cancelado','2','2','2','17:08:36                                                                                            ','05:57:52                                                                                            ','2','2','2','2');
Insert into SYSTEM.ITINERARIOS (ID,FECHA,HORA_ESTIMADA_SALIDA,HORA_REAL_SALIDA,ESTADO,TOTAL_PASAJEROS_PRIMERACLASE,TOTAL_PASAJEROS_CLASEECONOMICA,DURACION_REAL,HORA_ESTIMADA_LLEGADA,HORA_REAL_LLEGADA,ID_VUELO,ID_PILOTO,ID_COPILOTO,ID_AVION) values ('3',to_date('15/12/11','DD/MM/RR'),'20:38:26                                                                                            ','15:25:57                                                                                            ','En_vuelo','3','3','3','15:09:32                                                                                            ','03:09:16                                                                                            ','3','3','3','3');
Insert into SYSTEM.ITINERARIOS (ID,FECHA,HORA_ESTIMADA_SALIDA,HORA_REAL_SALIDA,ESTADO,TOTAL_PASAJEROS_PRIMERACLASE,TOTAL_PASAJEROS_CLASEECONOMICA,DURACION_REAL,HORA_ESTIMADA_LLEGADA,HORA_REAL_LLEGADA,ID_VUELO,ID_PILOTO,ID_COPILOTO,ID_AVION) values ('4',to_date('17/01/66','DD/MM/RR'),'05:43:32                                                                                            ','14:21:32                                                                                            ','Confirmado','4','4','4','00:37:42                                                                                            ','04:44:07                                                                                            ','4','4','4','4');
Insert into SYSTEM.ITINERARIOS (ID,FECHA,HORA_ESTIMADA_SALIDA,HORA_REAL_SALIDA,ESTADO,TOTAL_PASAJEROS_PRIMERACLASE,TOTAL_PASAJEROS_CLASEECONOMICA,DURACION_REAL,HORA_ESTIMADA_LLEGADA,HORA_REAL_LLEGADA,ID_VUELO,ID_PILOTO,ID_COPILOTO,ID_AVION) values ('5',to_date('17/02/86','DD/MM/RR'),'01:57:09                                                                                            ','14:26:36                                                                                            ','Cancelado','5','5','5','15:45:28                                                                                            ','01:01:57                                                                                            ','5','5','5','5');
Insert into SYSTEM.ITINERARIOS (ID,FECHA,HORA_ESTIMADA_SALIDA,HORA_REAL_SALIDA,ESTADO,TOTAL_PASAJEROS_PRIMERACLASE,TOTAL_PASAJEROS_CLASEECONOMICA,DURACION_REAL,HORA_ESTIMADA_LLEGADA,HORA_REAL_LLEGADA,ID_VUELO,ID_PILOTO,ID_COPILOTO,ID_AVION) values ('6',to_date('20/06/95','DD/MM/RR'),'16:47:37                                                                                            ','13:47:13                                                                                            ','Confirmado','6','6','6','20:47:22                                                                                            ','22:01:34                                                                                            ','6','6','6','6');
Insert into SYSTEM.ITINERARIOS (ID,FECHA,HORA_ESTIMADA_SALIDA,HORA_REAL_SALIDA,ESTADO,TOTAL_PASAJEROS_PRIMERACLASE,TOTAL_PASAJEROS_CLASEECONOMICA,DURACION_REAL,HORA_ESTIMADA_LLEGADA,HORA_REAL_LLEGADA,ID_VUELO,ID_PILOTO,ID_COPILOTO,ID_AVION) values ('7',to_date('27/01/03','DD/MM/RR'),'00:07:18                                                                                            ','11:04:07                                                                                            ','Confirmado','7','7','7','14:43:43                                                                                            ','04:03:38                                                                                            ','7','7','7','7');
Insert into SYSTEM.ITINERARIOS (ID,FECHA,HORA_ESTIMADA_SALIDA,HORA_REAL_SALIDA,ESTADO,TOTAL_PASAJEROS_PRIMERACLASE,TOTAL_PASAJEROS_CLASEECONOMICA,DURACION_REAL,HORA_ESTIMADA_LLEGADA,HORA_REAL_LLEGADA,ID_VUELO,ID_PILOTO,ID_COPILOTO,ID_AVION) values ('8',to_date('26/02/05','DD/MM/RR'),'08:33:02                                                                                            ','09:47:51                                                                                            ','Confirmado','8','8','8','14:43:43                                                                                            ','04:03:38                                                                                            ','8','8','8','8');
Insert into SYSTEM.ITINERARIOS (ID,FECHA,HORA_ESTIMADA_SALIDA,HORA_REAL_SALIDA,ESTADO,TOTAL_PASAJEROS_PRIMERACLASE,TOTAL_PASAJEROS_CLASEECONOMICA,DURACION_REAL,HORA_ESTIMADA_LLEGADA,HORA_REAL_LLEGADA,ID_VUELO,ID_PILOTO,ID_COPILOTO,ID_AVION) values ('9',to_date('26/02/05','DD/MM/RR'),'08:33:02                                                                                            ','09:47:51                                                                                            ','Confirmado','9','9','9','14:43:43                                                                                            ','04:03:38                                                                                            ','9','9','9','9');
Insert into SYSTEM.ITINERARIOS (ID,FECHA,HORA_ESTIMADA_SALIDA,HORA_REAL_SALIDA,ESTADO,TOTAL_PASAJEROS_PRIMERACLASE,TOTAL_PASAJEROS_CLASEECONOMICA,DURACION_REAL,HORA_ESTIMADA_LLEGADA,HORA_REAL_LLEGADA,ID_VUELO,ID_PILOTO,ID_COPILOTO,ID_AVION) values ('10',to_date('17/09/67','DD/MM/RR'),'08:14:01                                                                                            ','05:38:28                                                                                            ','En_vuelo','10','10','10','23:58:27                                                                                            ','13:08:26                                                                                            ','10','10','10','10');
Insert into SYSTEM.ITINERARIOS (ID,FECHA,HORA_ESTIMADA_SALIDA,HORA_REAL_SALIDA,ESTADO,TOTAL_PASAJEROS_PRIMERACLASE,TOTAL_PASAJEROS_CLASEECONOMICA,DURACION_REAL,HORA_ESTIMADA_LLEGADA,HORA_REAL_LLEGADA,ID_VUELO,ID_PILOTO,ID_COPILOTO,ID_AVION) values ('11',to_date('01/09/09','DD/MM/RR'),'11:37:22                                                                                            ','06:56:01                                                                                            ','Cancelado','11','11','11','17:08:16                                                                                            ','08:10:06                                                                                            ','11','11','11','11');
Insert into SYSTEM.ITINERARIOS (ID,FECHA,HORA_ESTIMADA_SALIDA,HORA_REAL_SALIDA,ESTADO,TOTAL_PASAJEROS_PRIMERACLASE,TOTAL_PASAJEROS_CLASEECONOMICA,DURACION_REAL,HORA_ESTIMADA_LLEGADA,HORA_REAL_LLEGADA,ID_VUELO,ID_PILOTO,ID_COPILOTO,ID_AVION) values ('12',to_date('29/12/57','DD/MM/RR'),'11:16:01                                                                                            ','08:50:11                                                                                            ','En_vuelo','12','12','12','01:29:11                                                                                            ','13:42:11                                                                                            ','12','12','12','12');
Insert into SYSTEM.ITINERARIOS (ID,FECHA,HORA_ESTIMADA_SALIDA,HORA_REAL_SALIDA,ESTADO,TOTAL_PASAJEROS_PRIMERACLASE,TOTAL_PASAJEROS_CLASEECONOMICA,DURACION_REAL,HORA_ESTIMADA_LLEGADA,HORA_REAL_LLEGADA,ID_VUELO,ID_PILOTO,ID_COPILOTO,ID_AVION) values ('13',to_date('06/10/55','DD/MM/RR'),'00:40:07                                                                                            ','17:37:07                                                                                            ','En_vuelo','13','13','13','00:34:46                                                                                            ','01:20:40                                                                                            ','13','13','13','13');
Insert into SYSTEM.ITINERARIOS (ID,FECHA,HORA_ESTIMADA_SALIDA,HORA_REAL_SALIDA,ESTADO,TOTAL_PASAJEROS_PRIMERACLASE,TOTAL_PASAJEROS_CLASEECONOMICA,DURACION_REAL,HORA_ESTIMADA_LLEGADA,HORA_REAL_LLEGADA,ID_VUELO,ID_PILOTO,ID_COPILOTO,ID_AVION) values ('14',to_date('03/12/57','DD/MM/RR'),'21:20:01                                                                                            ','01:57:35                                                                                            ','Confirmado','14','14','14','05:37:40                                                                                            ','00:52:22                                                                                            ','14','14','14','14');
Insert into SYSTEM.ITINERARIOS (ID,FECHA,HORA_ESTIMADA_SALIDA,HORA_REAL_SALIDA,ESTADO,TOTAL_PASAJEROS_PRIMERACLASE,TOTAL_PASAJEROS_CLASEECONOMICA,DURACION_REAL,HORA_ESTIMADA_LLEGADA,HORA_REAL_LLEGADA,ID_VUELO,ID_PILOTO,ID_COPILOTO,ID_AVION) values ('15',to_date('08/10/83','DD/MM/RR'),'21:48:45                                                                                            ','09:31:20                                                                                            ','Confirmado','15','15','15','06:51:33                                                                                            ','13:14:40                                                                                            ','15','15','15','15');
Insert into SYSTEM.ITINERARIOS (ID,FECHA,HORA_ESTIMADA_SALIDA,HORA_REAL_SALIDA,ESTADO,TOTAL_PASAJEROS_PRIMERACLASE,TOTAL_PASAJEROS_CLASEECONOMICA,DURACION_REAL,HORA_ESTIMADA_LLEGADA,HORA_REAL_LLEGADA,ID_VUELO,ID_PILOTO,ID_COPILOTO,ID_AVION) values ('16',to_date('10/06/86','DD/MM/RR'),'06:58:14                                                                                            ','14:48:15                                                                                            ','En_vuelo','16','16','16','05:32:41                                                                                            ','19:27:22                                                                                            ','16','16','16','16');
Insert into SYSTEM.ITINERARIOS (ID,FECHA,HORA_ESTIMADA_SALIDA,HORA_REAL_SALIDA,ESTADO,TOTAL_PASAJEROS_PRIMERACLASE,TOTAL_PASAJEROS_CLASEECONOMICA,DURACION_REAL,HORA_ESTIMADA_LLEGADA,HORA_REAL_LLEGADA,ID_VUELO,ID_PILOTO,ID_COPILOTO,ID_AVION) values ('17',to_date('08/08/04','DD/MM/RR'),'02:40:02                                                                                            ','07:02:48                                                                                            ','En_vuelo','17','17','17','14:28:51                                                                                            ','17:51:22                                                                                            ','17','17','17','17');
Insert into SYSTEM.ITINERARIOS (ID,FECHA,HORA_ESTIMADA_SALIDA,HORA_REAL_SALIDA,ESTADO,TOTAL_PASAJEROS_PRIMERACLASE,TOTAL_PASAJEROS_CLASEECONOMICA,DURACION_REAL,HORA_ESTIMADA_LLEGADA,HORA_REAL_LLEGADA,ID_VUELO,ID_PILOTO,ID_COPILOTO,ID_AVION) values ('18',to_date('07/04/52','DD/MM/RR'),'08:42:21                                                                                            ','04:15:45                                                                                            ','En_vuelo','18','18','18','13:42:03                                                                                            ','12:43:03                                                                                            ','18','18','18','18');
Insert into SYSTEM.ITINERARIOS (ID,FECHA,HORA_ESTIMADA_SALIDA,HORA_REAL_SALIDA,ESTADO,TOTAL_PASAJEROS_PRIMERACLASE,TOTAL_PASAJEROS_CLASEECONOMICA,DURACION_REAL,HORA_ESTIMADA_LLEGADA,HORA_REAL_LLEGADA,ID_VUELO,ID_PILOTO,ID_COPILOTO,ID_AVION) values ('19',to_date('29/05/63','DD/MM/RR'),'04:59:32                                                                                            ','14:52:01                                                                                            ','Cancelado','19','19','19','11:51:46                                                                                            ','19:16:45                                                                                            ','19','19','19','19');
Insert into SYSTEM.ITINERARIOS (ID,FECHA,HORA_ESTIMADA_SALIDA,HORA_REAL_SALIDA,ESTADO,TOTAL_PASAJEROS_PRIMERACLASE,TOTAL_PASAJEROS_CLASEECONOMICA,DURACION_REAL,HORA_ESTIMADA_LLEGADA,HORA_REAL_LLEGADA,ID_VUELO,ID_PILOTO,ID_COPILOTO,ID_AVION) values ('20',to_date('26/10/58','DD/MM/RR'),'21:17:42                                                                                            ','16:49:43                                                                                            ','En_vuelo','20','20','20','10:44:07                                                                                            ','01:57:35                                                                                            ','20','20','20','20');
Insert into SYSTEM.ITINERARIOS (ID,FECHA,HORA_ESTIMADA_SALIDA,HORA_REAL_SALIDA,ESTADO,TOTAL_PASAJEROS_PRIMERACLASE,TOTAL_PASAJEROS_CLASEECONOMICA,DURACION_REAL,HORA_ESTIMADA_LLEGADA,HORA_REAL_LLEGADA,ID_VUELO,ID_PILOTO,ID_COPILOTO,ID_AVION) values ('21',to_date('16/09/89','DD/MM/RR'),'01:48:43                                                                                            ','23:03:06                                                                                            ','Cancelado','21','21','21','16:01:20                                                                                            ','11:34:05                                                                                            ','21','21','21','21');
Insert into SYSTEM.ITINERARIOS (ID,FECHA,HORA_ESTIMADA_SALIDA,HORA_REAL_SALIDA,ESTADO,TOTAL_PASAJEROS_PRIMERACLASE,TOTAL_PASAJEROS_CLASEECONOMICA,DURACION_REAL,HORA_ESTIMADA_LLEGADA,HORA_REAL_LLEGADA,ID_VUELO,ID_PILOTO,ID_COPILOTO,ID_AVION) values ('22',to_date('12/09/05','DD/MM/RR'),'09:04:38                                                                                            ','14:48:09                                                                                            ','Confirmado','22','22','22','10:43:04                                                                                            ','23:00:42                                                                                            ','22','22','22','22');
Insert into SYSTEM.ITINERARIOS (ID,FECHA,HORA_ESTIMADA_SALIDA,HORA_REAL_SALIDA,ESTADO,TOTAL_PASAJEROS_PRIMERACLASE,TOTAL_PASAJEROS_CLASEECONOMICA,DURACION_REAL,HORA_ESTIMADA_LLEGADA,HORA_REAL_LLEGADA,ID_VUELO,ID_PILOTO,ID_COPILOTO,ID_AVION) values ('23',to_date('17/07/50','DD/MM/RR'),'07:54:33                                                                                            ','09:19:49                                                                                            ','Cancelado','23','23','23','18:49:24                                                                                            ','03:19:30                                                                                            ','23','23','23','23');
Insert into SYSTEM.ITINERARIOS (ID,FECHA,HORA_ESTIMADA_SALIDA,HORA_REAL_SALIDA,ESTADO,TOTAL_PASAJEROS_PRIMERACLASE,TOTAL_PASAJEROS_CLASEECONOMICA,DURACION_REAL,HORA_ESTIMADA_LLEGADA,HORA_REAL_LLEGADA,ID_VUELO,ID_PILOTO,ID_COPILOTO,ID_AVION) values ('24',to_date('11/07/65','DD/MM/RR'),'11:47:25                                                                                            ','03:00:27                                                                                            ','Cancelado','24','24','24','06:06:33                                                                                            ','21:32:06                                                                                            ','24','24','24','24');
Insert into SYSTEM.ITINERARIOS (ID,FECHA,HORA_ESTIMADA_SALIDA,HORA_REAL_SALIDA,ESTADO,TOTAL_PASAJEROS_PRIMERACLASE,TOTAL_PASAJEROS_CLASEECONOMICA,DURACION_REAL,HORA_ESTIMADA_LLEGADA,HORA_REAL_LLEGADA,ID_VUELO,ID_PILOTO,ID_COPILOTO,ID_AVION) values ('25',to_date('13/06/12','DD/MM/RR'),'17:23:59                                                                                            ','01:15:26                                                                                            ','En_vuelo','25','25','25','05:20:17                                                                                            ','06:47:48                                                                                            ','25','25','25','25');
Insert into SYSTEM.ITINERARIOS (ID,FECHA,HORA_ESTIMADA_SALIDA,HORA_REAL_SALIDA,ESTADO,TOTAL_PASAJEROS_PRIMERACLASE,TOTAL_PASAJEROS_CLASEECONOMICA,DURACION_REAL,HORA_ESTIMADA_LLEGADA,HORA_REAL_LLEGADA,ID_VUELO,ID_PILOTO,ID_COPILOTO,ID_AVION) values ('26',to_date('04/05/51','DD/MM/RR'),'12:12:37                                                                                            ','06:26:50                                                                                            ','Cancelado','26','26','26','12:59:07                                                                                            ','19:17:10                                                                                            ','26','26','26','26');
Insert into SYSTEM.ITINERARIOS (ID,FECHA,HORA_ESTIMADA_SALIDA,HORA_REAL_SALIDA,ESTADO,TOTAL_PASAJEROS_PRIMERACLASE,TOTAL_PASAJEROS_CLASEECONOMICA,DURACION_REAL,HORA_ESTIMADA_LLEGADA,HORA_REAL_LLEGADA,ID_VUELO,ID_PILOTO,ID_COPILOTO,ID_AVION) values ('27',to_date('05/07/51','DD/MM/RR'),'01:53:25                                                                                            ','22:56:35                                                                                            ','En_vuelo','27','27','27','16:36:39                                                                                            ','03:57:32                                                                                            ','27','27','27','27');
Insert into SYSTEM.ITINERARIOS (ID,FECHA,HORA_ESTIMADA_SALIDA,HORA_REAL_SALIDA,ESTADO,TOTAL_PASAJEROS_PRIMERACLASE,TOTAL_PASAJEROS_CLASEECONOMICA,DURACION_REAL,HORA_ESTIMADA_LLEGADA,HORA_REAL_LLEGADA,ID_VUELO,ID_PILOTO,ID_COPILOTO,ID_AVION) values ('28',to_date('12/12/61','DD/MM/RR'),'01:09:34                                                                                            ','14:27:01                                                                                            ','Cancelado','28','28','28','13:08:19                                                                                            ','23:03:08                                                                                            ','28','28','28','28');
Insert into SYSTEM.ITINERARIOS (ID,FECHA,HORA_ESTIMADA_SALIDA,HORA_REAL_SALIDA,ESTADO,TOTAL_PASAJEROS_PRIMERACLASE,TOTAL_PASAJEROS_CLASEECONOMICA,DURACION_REAL,HORA_ESTIMADA_LLEGADA,HORA_REAL_LLEGADA,ID_VUELO,ID_PILOTO,ID_COPILOTO,ID_AVION) values ('29',to_date('02/09/83','DD/MM/RR'),'07:57:13                                                                                            ','01:22:43                                                                                            ','Cancelado','29','29','29','16:27:30                                                                                            ','13:27:12                                                                                            ','29','29','29','29');
Insert into SYSTEM.ITINERARIOS (ID,FECHA,HORA_ESTIMADA_SALIDA,HORA_REAL_SALIDA,ESTADO,TOTAL_PASAJEROS_PRIMERACLASE,TOTAL_PASAJEROS_CLASEECONOMICA,DURACION_REAL,HORA_ESTIMADA_LLEGADA,HORA_REAL_LLEGADA,ID_VUELO,ID_PILOTO,ID_COPILOTO,ID_AVION) values ('30',to_date('29/03/73','DD/MM/RR'),'06:13:20                                                                                            ','04:35:06                                                                                            ','En_vuelo','30','30','30','16:07:43                                                                                            ','03:33:30                                                                                            ','30','30','30','30');
Insert into SYSTEM.ITINERARIOS (ID,FECHA,HORA_ESTIMADA_SALIDA,HORA_REAL_SALIDA,ESTADO,TOTAL_PASAJEROS_PRIMERACLASE,TOTAL_PASAJEROS_CLASEECONOMICA,DURACION_REAL,HORA_ESTIMADA_LLEGADA,HORA_REAL_LLEGADA,ID_VUELO,ID_PILOTO,ID_COPILOTO,ID_AVION) values ('31',to_date('03/10/66','DD/MM/RR'),'13:56:09                                                                                            ','09:10:10                                                                                            ','Retrasado','31','31','31','11:21:47                                                                                            ','06:35:07                                                                                            ','31','31','31','31');
Insert into SYSTEM.ITINERARIOS (ID,FECHA,HORA_ESTIMADA_SALIDA,HORA_REAL_SALIDA,ESTADO,TOTAL_PASAJEROS_PRIMERACLASE,TOTAL_PASAJEROS_CLASEECONOMICA,DURACION_REAL,HORA_ESTIMADA_LLEGADA,HORA_REAL_LLEGADA,ID_VUELO,ID_PILOTO,ID_COPILOTO,ID_AVION) values ('32',to_date('29/06/18','DD/MM/RR'),'19:46:10                                                                                            ','11:42:59                                                                                            ','Cancelado','32','32','32','22:51:13                                                                                            ','04:24:07                                                                                            ','32','32','32','32');
Insert into SYSTEM.ITINERARIOS (ID,FECHA,HORA_ESTIMADA_SALIDA,HORA_REAL_SALIDA,ESTADO,TOTAL_PASAJEROS_PRIMERACLASE,TOTAL_PASAJEROS_CLASEECONOMICA,DURACION_REAL,HORA_ESTIMADA_LLEGADA,HORA_REAL_LLEGADA,ID_VUELO,ID_PILOTO,ID_COPILOTO,ID_AVION) values ('33',to_date('13/09/57','DD/MM/RR'),'13:27:16                                                                                            ','02:26:33                                                                                            ','Retrasado','33','33','33','16:48:27                                                                                            ','17:34:53                                                                                            ','33','33','33','33');
Insert into SYSTEM.ITINERARIOS (ID,FECHA,HORA_ESTIMADA_SALIDA,HORA_REAL_SALIDA,ESTADO,TOTAL_PASAJEROS_PRIMERACLASE,TOTAL_PASAJEROS_CLASEECONOMICA,DURACION_REAL,HORA_ESTIMADA_LLEGADA,HORA_REAL_LLEGADA,ID_VUELO,ID_PILOTO,ID_COPILOTO,ID_AVION) values ('34',to_date('24/08/94','DD/MM/RR'),'22:16:10                                                                                            ','05:33:47                                                                                            ','Retrasado','34','34','34','12:50:55                                                                                            ','20:54:44                                                                                            ','34','34','34','34');
Insert into SYSTEM.ITINERARIOS (ID,FECHA,HORA_ESTIMADA_SALIDA,HORA_REAL_SALIDA,ESTADO,TOTAL_PASAJEROS_PRIMERACLASE,TOTAL_PASAJEROS_CLASEECONOMICA,DURACION_REAL,HORA_ESTIMADA_LLEGADA,HORA_REAL_LLEGADA,ID_VUELO,ID_PILOTO,ID_COPILOTO,ID_AVION) values ('35',to_date('03/11/86','DD/MM/RR'),'09:33:23                                                                                            ','02:53:02                                                                                            ','Retrasado','35','35','35','10:28:13                                                                                            ','11:41:15                                                                                            ','35','35','35','35');
Insert into SYSTEM.ITINERARIOS (ID,FECHA,HORA_ESTIMADA_SALIDA,HORA_REAL_SALIDA,ESTADO,TOTAL_PASAJEROS_PRIMERACLASE,TOTAL_PASAJEROS_CLASEECONOMICA,DURACION_REAL,HORA_ESTIMADA_LLEGADA,HORA_REAL_LLEGADA,ID_VUELO,ID_PILOTO,ID_COPILOTO,ID_AVION) values ('36',to_date('20/08/07','DD/MM/RR'),'06:12:02                                                                                            ','05:09:00                                                                                            ','Cancelado','36','36','36','14:20:24                                                                                            ','02:13:43                                                                                            ','36','36','36','36');
Insert into SYSTEM.ITINERARIOS (ID,FECHA,HORA_ESTIMADA_SALIDA,HORA_REAL_SALIDA,ESTADO,TOTAL_PASAJEROS_PRIMERACLASE,TOTAL_PASAJEROS_CLASEECONOMICA,DURACION_REAL,HORA_ESTIMADA_LLEGADA,HORA_REAL_LLEGADA,ID_VUELO,ID_PILOTO,ID_COPILOTO,ID_AVION) values ('37',to_date('02/06/83','DD/MM/RR'),'02:18:59                                                                                            ','19:11:55                                                                                            ','Cancelado','37','37','37','22:04:13                                                                                            ','23:02:38                                                                                            ','37','37','37','37');
Insert into SYSTEM.ITINERARIOS (ID,FECHA,HORA_ESTIMADA_SALIDA,HORA_REAL_SALIDA,ESTADO,TOTAL_PASAJEROS_PRIMERACLASE,TOTAL_PASAJEROS_CLASEECONOMICA,DURACION_REAL,HORA_ESTIMADA_LLEGADA,HORA_REAL_LLEGADA,ID_VUELO,ID_PILOTO,ID_COPILOTO,ID_AVION) values ('38',to_date('02/07/87','DD/MM/RR'),'22:43:59                                                                                            ','22:55:46                                                                                            ','Retrasado','38','38','38','06:26:56                                                                                            ','09:30:19                                                                                            ','38','38','38','38');
Insert into SYSTEM.ITINERARIOS (ID,FECHA,HORA_ESTIMADA_SALIDA,HORA_REAL_SALIDA,ESTADO,TOTAL_PASAJEROS_PRIMERACLASE,TOTAL_PASAJEROS_CLASEECONOMICA,DURACION_REAL,HORA_ESTIMADA_LLEGADA,HORA_REAL_LLEGADA,ID_VUELO,ID_PILOTO,ID_COPILOTO,ID_AVION) values ('39',to_date('13/09/00','DD/MM/RR'),'03:32:59                                                                                            ','07:05:03                                                                                            ','Retrasado','39','39','39','12:16:29                                                                                            ','17:07:28                                                                                            ','39','39','39','39');
Insert into SYSTEM.ITINERARIOS (ID,FECHA,HORA_ESTIMADA_SALIDA,HORA_REAL_SALIDA,ESTADO,TOTAL_PASAJEROS_PRIMERACLASE,TOTAL_PASAJEROS_CLASEECONOMICA,DURACION_REAL,HORA_ESTIMADA_LLEGADA,HORA_REAL_LLEGADA,ID_VUELO,ID_PILOTO,ID_COPILOTO,ID_AVION) values ('40',to_date('14/12/03','DD/MM/RR'),'16:33:58                                                                                            ','16:35:25                                                                                            ','Retrasado','40','40','40','21:42:27                                                                                            ','08:56:46                                                                                            ','40','40','40','40');
Insert into SYSTEM.ITINERARIOS (ID,FECHA,HORA_ESTIMADA_SALIDA,HORA_REAL_SALIDA,ESTADO,TOTAL_PASAJEROS_PRIMERACLASE,TOTAL_PASAJEROS_CLASEECONOMICA,DURACION_REAL,HORA_ESTIMADA_LLEGADA,HORA_REAL_LLEGADA,ID_VUELO,ID_PILOTO,ID_COPILOTO,ID_AVION) values ('41',to_date('17/12/74','DD/MM/RR'),'23:05:45                                                                                            ','08:23:20                                                                                            ','Cancelado','41','41','41','04:42:07                                                                                            ','15:52:11                                                                                            ','41','41','41','41');
Insert into SYSTEM.ITINERARIOS (ID,FECHA,HORA_ESTIMADA_SALIDA,HORA_REAL_SALIDA,ESTADO,TOTAL_PASAJEROS_PRIMERACLASE,TOTAL_PASAJEROS_CLASEECONOMICA,DURACION_REAL,HORA_ESTIMADA_LLEGADA,HORA_REAL_LLEGADA,ID_VUELO,ID_PILOTO,ID_COPILOTO,ID_AVION) values ('42',to_date('20/06/87','DD/MM/RR'),'02:38:40                                                                                            ','06:38:01                                                                                            ','Confirmado','42','42','42','18:33:30                                                                                            ','17:33:33                                                                                            ','42','42','42','42');
Insert into SYSTEM.ITINERARIOS (ID,FECHA,HORA_ESTIMADA_SALIDA,HORA_REAL_SALIDA,ESTADO,TOTAL_PASAJEROS_PRIMERACLASE,TOTAL_PASAJEROS_CLASEECONOMICA,DURACION_REAL,HORA_ESTIMADA_LLEGADA,HORA_REAL_LLEGADA,ID_VUELO,ID_PILOTO,ID_COPILOTO,ID_AVION) values ('43',to_date('28/06/62','DD/MM/RR'),'05:10:55                                                                                            ','03:32:37                                                                                            ','Cancelado','43','43','43','04:16:19                                                                                            ','07:35:52                                                                                            ','43','43','43','43');
Insert into SYSTEM.ITINERARIOS (ID,FECHA,HORA_ESTIMADA_SALIDA,HORA_REAL_SALIDA,ESTADO,TOTAL_PASAJEROS_PRIMERACLASE,TOTAL_PASAJEROS_CLASEECONOMICA,DURACION_REAL,HORA_ESTIMADA_LLEGADA,HORA_REAL_LLEGADA,ID_VUELO,ID_PILOTO,ID_COPILOTO,ID_AVION) values ('44',to_date('17/09/09','DD/MM/RR'),'16:47:19                                                                                            ','14:30:54                                                                                            ','Confirmado','44','44','44','22:11:12                                                                                            ','04:44:25                                                                                            ','44','44','44','44');
Insert into SYSTEM.ITINERARIOS (ID,FECHA,HORA_ESTIMADA_SALIDA,HORA_REAL_SALIDA,ESTADO,TOTAL_PASAJEROS_PRIMERACLASE,TOTAL_PASAJEROS_CLASEECONOMICA,DURACION_REAL,HORA_ESTIMADA_LLEGADA,HORA_REAL_LLEGADA,ID_VUELO,ID_PILOTO,ID_COPILOTO,ID_AVION) values ('45',to_date('26/06/05','DD/MM/RR'),'15:58:43                                                                                            ','16:18:24                                                                                            ','Confirmado','45','45','45','13:16:37                                                                                            ','22:29:02                                                                                            ','45','45','45','45');
Insert into SYSTEM.ITINERARIOS (ID,FECHA,HORA_ESTIMADA_SALIDA,HORA_REAL_SALIDA,ESTADO,TOTAL_PASAJEROS_PRIMERACLASE,TOTAL_PASAJEROS_CLASEECONOMICA,DURACION_REAL,HORA_ESTIMADA_LLEGADA,HORA_REAL_LLEGADA,ID_VUELO,ID_PILOTO,ID_COPILOTO,ID_AVION) values ('46',to_date('07/11/57','DD/MM/RR'),'19:16:53                                                                                            ','04:14:53                                                                                            ','Retrasado','46','46','46','01:34:40                                                                                            ','15:43:39                                                                                            ','46','46','46','46');
Insert into SYSTEM.ITINERARIOS (ID,FECHA,HORA_ESTIMADA_SALIDA,HORA_REAL_SALIDA,ESTADO,TOTAL_PASAJEROS_PRIMERACLASE,TOTAL_PASAJEROS_CLASEECONOMICA,DURACION_REAL,HORA_ESTIMADA_LLEGADA,HORA_REAL_LLEGADA,ID_VUELO,ID_PILOTO,ID_COPILOTO,ID_AVION) values ('47',to_date('04/07/65','DD/MM/RR'),'19:21:08                                                                                            ','09:03:47                                                                                            ','Confirmado','47','47','47','19:46:34                                                                                            ','22:04:29                                                                                            ','47','47','47','47');
Insert into SYSTEM.ITINERARIOS (ID,FECHA,HORA_ESTIMADA_SALIDA,HORA_REAL_SALIDA,ESTADO,TOTAL_PASAJEROS_PRIMERACLASE,TOTAL_PASAJEROS_CLASEECONOMICA,DURACION_REAL,HORA_ESTIMADA_LLEGADA,HORA_REAL_LLEGADA,ID_VUELO,ID_PILOTO,ID_COPILOTO,ID_AVION) values ('48',to_date('05/10/67','DD/MM/RR'),'16:00:57                                                                                            ','15:57:58                                                                                            ','Cancelado','48','48','48','06:52:33                                                                                            ','16:00:59                                                                                            ','48','48','48','48');
Insert into SYSTEM.ITINERARIOS (ID,FECHA,HORA_ESTIMADA_SALIDA,HORA_REAL_SALIDA,ESTADO,TOTAL_PASAJEROS_PRIMERACLASE,TOTAL_PASAJEROS_CLASEECONOMICA,DURACION_REAL,HORA_ESTIMADA_LLEGADA,HORA_REAL_LLEGADA,ID_VUELO,ID_PILOTO,ID_COPILOTO,ID_AVION) values ('49',to_date('23/06/86','DD/MM/RR'),'08:03:51                                                                                            ','00:21:24                                                                                            ','Confirmado','49','49','49','07:51:40                                                                                            ','04:01:08                                                                                            ','49','49','49','49');
Insert into SYSTEM.ITINERARIOS (ID,FECHA,HORA_ESTIMADA_SALIDA,HORA_REAL_SALIDA,ESTADO,TOTAL_PASAJEROS_PRIMERACLASE,TOTAL_PASAJEROS_CLASEECONOMICA,DURACION_REAL,HORA_ESTIMADA_LLEGADA,HORA_REAL_LLEGADA,ID_VUELO,ID_PILOTO,ID_COPILOTO,ID_AVION) values ('50',to_date('20/11/86','DD/MM/RR'),'20:03:26                                                                                            ','12:21:31                                                                                            ','Retrasado','50','50','50','12:10:03                                                                                            ','17:22:20                                                                                            ','50','50','50','50');






--LOGS


Insert into SYSTEM.LOGS (ID,HORA,UTC,ALTITUD,VELOCIDAD,DIRECCION,LONGITUD,LATITUD,ID_ITINERARIO) values ('1','1520741793                                                                      ','2018-03-11T04:16:33Z                                                                     ','0','2','258','-74141899','4700993','1');
Insert into SYSTEM.LOGS (ID,HORA,UTC,ALTITUD,VELOCIDAD,DIRECCION,LONGITUD,LATITUD,ID_ITINERARIO) values ('2','1520741838                                                                      ','2018-03-11T04:17:18Z                                                                     ','0','2','295','-74141624','4701089','2');
Insert into SYSTEM.LOGS (ID,HORA,UTC,ALTITUD,VELOCIDAD,DIRECCION,LONGITUD,LATITUD,ID_ITINERARIO) values ('3','1520741917                                                                      ','2018-03-11T04:18:37Z                                                                     ','0','2','300','-74141487','4701055','3');
Insert into SYSTEM.LOGS (ID,HORA,UTC,ALTITUD,VELOCIDAD,DIRECCION,LONGITUD,LATITUD,ID_ITINERARIO) values ('4','1520741969                                                                      ','2018-03-11T04:19:29Z                                                                     ','0','2','315','-74141716','4701279','4');
Insert into SYSTEM.LOGS (ID,HORA,UTC,ALTITUD,VELOCIDAD,DIRECCION,LONGITUD,LATITUD,ID_ITINERARIO) values ('5','1520742193                                                                      ','2018-03-11T04:23:13Z                                                                     ','0','18','317','-74142181','4701636','5');
Insert into SYSTEM.LOGS (ID,HORA,UTC,ALTITUD,VELOCIDAD,DIRECCION,LONGITUD,LATITUD,ID_ITINERARIO) values ('6','1520742284                                                                      ','2018-03-11T04:24:44Z                                                                     ','0','21','25','-7414325','4704071','6');
Insert into SYSTEM.LOGS (ID,HORA,UTC,ALTITUD,VELOCIDAD,DIRECCION,LONGITUD,LATITUD,ID_ITINERARIO) values ('7','1520742291                                                                      ','2018-03-11T04:24:51Z                                                                     ','0','21','331','-74143402','470438','7');
Insert into SYSTEM.LOGS (ID,HORA,UTC,ALTITUD,VELOCIDAD,DIRECCION,LONGITUD,LATITUD,ID_ITINERARIO) values ('8','1520742299                                                                      ','2018-03-11T04:24:59Z                                                                     ','0','22','312','-741437','4704581','8');
Insert into SYSTEM.LOGS (ID,HORA,UTC,ALTITUD,VELOCIDAD,DIRECCION,LONGITUD,LATITUD,ID_ITINERARIO) values ('9','1520742311                                                                      ','2018-03-11T04:25:11Z                                                                     ','0','23','312','-74144112','4704872','9');
Insert into SYSTEM.LOGS (ID,HORA,UTC,ALTITUD,VELOCIDAD,DIRECCION,LONGITUD,LATITUD,ID_ITINERARIO) values ('10','1520742317                                                                      ','2018-03-11T04:25:17Z                                                                     ','0','24','312','-74144318','4705032','10');
Insert into SYSTEM.LOGS (ID,HORA,UTC,ALTITUD,VELOCIDAD,DIRECCION,LONGITUD,LATITUD,ID_ITINERARIO) values ('11','1520742324                                                                      ','2018-03-11T04:25:24Z                                                                     ','0','25','312','-74144539','4705204','11');
Insert into SYSTEM.LOGS (ID,HORA,UTC,ALTITUD,VELOCIDAD,DIRECCION,LONGITUD,LATITUD,ID_ITINERARIO) values ('12','1520742332                                                                      ','2018-03-11T04:25:32Z                                                                     ','0','26','312','-7414489','4705477','12');
Insert into SYSTEM.LOGS (ID,HORA,UTC,ALTITUD,VELOCIDAD,DIRECCION,LONGITUD,LATITUD,ID_ITINERARIO) values ('13','1520742338                                                                      ','2018-03-11T04:25:38Z                                                                     ','0','27','312','-74145142','4705651','13');
Insert into SYSTEM.LOGS (ID,HORA,UTC,ALTITUD,VELOCIDAD,DIRECCION,LONGITUD,LATITUD,ID_ITINERARIO) values ('14','1520742344                                                                      ','2018-03-11T04:25:44Z                                                                     ','0','28','312','-74145401','4705856','14');
Insert into SYSTEM.LOGS (ID,HORA,UTC,ALTITUD,VELOCIDAD,DIRECCION,LONGITUD,LATITUD,ID_ITINERARIO) values ('15','1520742351                                                                      ','2018-03-11T04:25:51Z                                                                     ','0','29','312','-7414563','4706024','15');
Insert into SYSTEM.LOGS (ID,HORA,UTC,ALTITUD,VELOCIDAD,DIRECCION,LONGITUD,LATITUD,ID_ITINERARIO) values ('16','1520742359                                                                      ','2018-03-11T04:25:59Z                                                                     ','0','31','312','-74146111','4706396','16');
Insert into SYSTEM.LOGS (ID,HORA,UTC,ALTITUD,VELOCIDAD,DIRECCION,LONGITUD,LATITUD,ID_ITINERARIO) values ('17','1520742365                                                                      ','2018-03-11T04:26:05Z                                                                     ','0','31','312','-74146339','4706559','17');
Insert into SYSTEM.LOGS (ID,HORA,UTC,ALTITUD,VELOCIDAD,DIRECCION,LONGITUD,LATITUD,ID_ITINERARIO) values ('18','1520742371                                                                      ','2018-03-11T04:26:11Z                                                                     ','0','33','315','-74146706','4706852','18');
Insert into SYSTEM.LOGS (ID,HORA,UTC,ALTITUD,VELOCIDAD,DIRECCION,LONGITUD,LATITUD,ID_ITINERARIO) values ('19','1520742380                                                                      ','2018-03-11T04:26:20Z                                                                     ','0','34','312','-74147163','4707188','19');
Insert into SYSTEM.LOGS (ID,HORA,UTC,ALTITUD,VELOCIDAD,DIRECCION,LONGITUD,LATITUD,ID_ITINERARIO) values ('20','1520742387                                                                      ','2018-03-11T04:26:27Z                                                                     ','0','15','312','-74147545','4707481','20');
Insert into SYSTEM.LOGS (ID,HORA,UTC,ALTITUD,VELOCIDAD,DIRECCION,LONGITUD,LATITUD,ID_ITINERARIO) values ('21','1520742393                                                                      ','2018-03-11T04:26:33Z                                                                     ','0','15','312','-74147881','4707723','21');
Insert into SYSTEM.LOGS (ID,HORA,UTC,ALTITUD,VELOCIDAD,DIRECCION,LONGITUD,LATITUD,ID_ITINERARIO) values ('22','1520742399                                                                      ','2018-03-11T04:26:39Z                                                                     ','0','16','312','-74148247','4708003','22');
Insert into SYSTEM.LOGS (ID,HORA,UTC,ALTITUD,VELOCIDAD,DIRECCION,LONGITUD,LATITUD,ID_ITINERARIO) values ('23','1520742411                                                                      ','2018-03-11T04:26:51Z                                                                     ','0','17','312','-74148987','4708569','23');
Insert into SYSTEM.LOGS (ID,HORA,UTC,ALTITUD,VELOCIDAD,DIRECCION,LONGITUD,LATITUD,ID_ITINERARIO) values ('24','1520742417                                                                      ','2018-03-11T04:26:57Z                                                                     ','0','17','312','-74149391','4708866','24');
Insert into SYSTEM.LOGS (ID,HORA,UTC,ALTITUD,VELOCIDAD,DIRECCION,LONGITUD,LATITUD,ID_ITINERARIO) values ('25','1520742423                                                                      ','2018-03-11T04:27:03Z                                                                     ','0','17','312','-7414978','4709166','25');
Insert into SYSTEM.LOGS (ID,HORA,UTC,ALTITUD,VELOCIDAD,DIRECCION,LONGITUD,LATITUD,ID_ITINERARIO) values ('26','1520742435                                                                      ','2018-03-11T04:27:15Z                                                                     ','0','18','312','-7415049','4709702','26');
Insert into SYSTEM.LOGS (ID,HORA,UTC,ALTITUD,VELOCIDAD,DIRECCION,LONGITUD,LATITUD,ID_ITINERARIO) values ('27','1520742441                                                                      ','2018-03-11T04:27:21Z                                                                     ','0','15','312','-7415094','4710039','27');
Insert into SYSTEM.LOGS (ID,HORA,UTC,ALTITUD,VELOCIDAD,DIRECCION,LONGITUD,LATITUD,ID_ITINERARIO) values ('28','1520742447                                                                      ','2018-03-11T04:27:27Z                                                                     ','0','34','312','-74151207','4710239','28');
Insert into SYSTEM.LOGS (ID,HORA,UTC,ALTITUD,VELOCIDAD,DIRECCION,LONGITUD,LATITUD,ID_ITINERARIO) values ('29','1520742456                                                                      ','2018-03-11T04:27:36Z                                                                     ','0','25','312','-74151665','4710575','29');
Insert into SYSTEM.LOGS (ID,HORA,UTC,ALTITUD,VELOCIDAD,DIRECCION,LONGITUD,LATITUD,ID_ITINERARIO) values ('30','1520742471                                                                      ','2018-03-11T04:27:51Z                                                                     ','0','18','315','-74152031','4710865','30');
Insert into SYSTEM.LOGS (ID,HORA,UTC,ALTITUD,VELOCIDAD,DIRECCION,LONGITUD,LATITUD,ID_ITINERARIO) values ('31','1520742489                                                                      ','2018-03-11T04:28:09Z                                                                     ','0','20','350','-74152176','4711424','31');
Insert into SYSTEM.LOGS (ID,HORA,UTC,ALTITUD,VELOCIDAD,DIRECCION,LONGITUD,LATITUD,ID_ITINERARIO) values ('32','1520742555                                                                      ','2018-03-11T04:29:15Z                                                                     ','0','10','2','-74152199','4711853','32');
Insert into SYSTEM.LOGS (ID,HORA,UTC,ALTITUD,VELOCIDAD,DIRECCION,LONGITUD,LATITUD,ID_ITINERARIO) values ('33','1520742574                                                                      ','2018-03-11T04:29:34Z                                                                     ','0','15','357','-74152237','4712227','33');
Insert into SYSTEM.LOGS (ID,HORA,UTC,ALTITUD,VELOCIDAD,DIRECCION,LONGITUD,LATITUD,ID_ITINERARIO) values ('34','1520742592                                                                      ','2018-03-11T04:29:52Z                                                                     ','0','20','5','-74152283','4712814','34');
Insert into SYSTEM.LOGS (ID,HORA,UTC,ALTITUD,VELOCIDAD,DIRECCION,LONGITUD,LATITUD,ID_ITINERARIO) values ('35','1520742601                                                                      ','2018-03-11T04:30:01Z                                                                     ','0','23','42','-74152107','4713112','35');
Insert into SYSTEM.LOGS (ID,HORA,UTC,ALTITUD,VELOCIDAD,DIRECCION,LONGITUD,LATITUD,ID_ITINERARIO) values ('36','1520742607                                                                      ','2018-03-11T04:30:07Z                                                                     ','0','25','75','-74151894','471317','36');
Insert into SYSTEM.LOGS (ID,HORA,UTC,ALTITUD,VELOCIDAD,DIRECCION,LONGITUD,LATITUD,ID_ITINERARIO) values ('37','1520742619                                                                      ','2018-03-11T04:30:19Z                                                                     ','0','19','132','-74151192','4712751','37');
Insert into SYSTEM.LOGS (ID,HORA,UTC,ALTITUD,VELOCIDAD,DIRECCION,LONGITUD,LATITUD,ID_ITINERARIO) values ('38','1520742625                                                                      ','2018-03-11T04:30:25Z                                                                     ','0','39','132','-74150597','4712297','38');
Insert into SYSTEM.LOGS (ID,HORA,UTC,ALTITUD,VELOCIDAD,DIRECCION,LONGITUD,LATITUD,ID_ITINERARIO) values ('39','1520742634                                                                      ','2018-03-11T04:30:34Z                                                                     ','0','80','132','-74148293','4710551','39');
Insert into SYSTEM.LOGS (ID,HORA,UTC,ALTITUD,VELOCIDAD,DIRECCION,LONGITUD,LATITUD,ID_ITINERARIO) values ('40','1520742743                                                                      ','2018-03-11T04:32:23Z                                                                     ','10575','215','13','-74075363','4702288','40');
Insert into SYSTEM.LOGS (ID,HORA,UTC,ALTITUD,VELOCIDAD,DIRECCION,LONGITUD,LATITUD,ID_ITINERARIO) values ('41','1520742756                                                                      ','2018-03-11T04:32:36Z                                                                     ','10975','218','11','-74072998','4714299','41');
Insert into SYSTEM.LOGS (ID,HORA,UTC,ALTITUD,VELOCIDAD,DIRECCION,LONGITUD,LATITUD,ID_ITINERARIO) values ('42','1520742768                                                                      ','2018-03-11T04:32:48Z                                                                     ','11125','230','12','-74070389','4726402','42');
Insert into SYSTEM.LOGS (ID,HORA,UTC,ALTITUD,VELOCIDAD,DIRECCION,LONGITUD,LATITUD,ID_ITINERARIO) values ('43','1520742779                                                                      ','2018-03-11T04:32:59Z                                                                     ','11300','244','12','-74067497','4739731','43');
Insert into SYSTEM.LOGS (ID,HORA,UTC,ALTITUD,VELOCIDAD,DIRECCION,LONGITUD,LATITUD,ID_ITINERARIO) values ('44','1520742791                                                                      ','2018-03-11T04:33:11Z                                                                     ','11475','257','11','-74064705','4753235','44');
Insert into SYSTEM.LOGS (ID,HORA,UTC,ALTITUD,VELOCIDAD,DIRECCION,LONGITUD,LATITUD,ID_ITINERARIO) values ('45','1520742803                                                                      ','2018-03-11T04:33:23Z                                                                     ','11650','271','12','-74061676','4767746','45');
Insert into SYSTEM.LOGS (ID,HORA,UTC,ALTITUD,VELOCIDAD,DIRECCION,LONGITUD,LATITUD,ID_ITINERARIO) values ('46','1520742815                                                                      ','2018-03-11T04:33:35Z                                                                     ','11875','284','12','-74058281','4783218','46');
Insert into SYSTEM.LOGS (ID,HORA,UTC,ALTITUD,VELOCIDAD,DIRECCION,LONGITUD,LATITUD,ID_ITINERARIO) values ('47','1520742830                                                                      ','2018-03-11T04:33:50Z                                                                     ','12175','300','12','-74053902','4803268','47');
Insert into SYSTEM.LOGS (ID,HORA,UTC,ALTITUD,VELOCIDAD,DIRECCION,LONGITUD,LATITUD,ID_ITINERARIO) values ('48','1520742864                                                                      ','2018-03-11T04:34:24Z                                                                     ','13325','313','14','-74043304','4849672','48');
Insert into SYSTEM.LOGS (ID,HORA,UTC,ALTITUD,VELOCIDAD,DIRECCION,LONGITUD,LATITUD,ID_ITINERARIO) values ('49','1520742897                                                                      ','2018-03-11T04:34:57Z                                                                     ','14350','318','19','-74028069','4896194','49');
Insert into SYSTEM.LOGS (ID,HORA,UTC,ALTITUD,VELOCIDAD,DIRECCION,LONGITUD,LATITUD,ID_ITINERARIO) values ('50','1520742930                                                                      ','2018-03-11T04:35:30Z                                                                     ','15275','326','19','-74012009','4943527','50');

--PROGRAMACIO_TRIPULATES
Insert into SYSTEM.PROGRAMACION_TRIPULANTES (ID,ID_ITINERARIO,ID_EMPLEADO) values ('1','1','1');
Insert into SYSTEM.PROGRAMACION_TRIPULANTES (ID,ID_ITINERARIO,ID_EMPLEADO) values ('2','2','2');
Insert into SYSTEM.PROGRAMACION_TRIPULANTES (ID,ID_ITINERARIO,ID_EMPLEADO) values ('3','3','3');
Insert into SYSTEM.PROGRAMACION_TRIPULANTES (ID,ID_ITINERARIO,ID_EMPLEADO) values ('4','4','4');
Insert into SYSTEM.PROGRAMACION_TRIPULANTES (ID,ID_ITINERARIO,ID_EMPLEADO) values ('5','5','5');
Insert into SYSTEM.PROGRAMACION_TRIPULANTES (ID,ID_ITINERARIO,ID_EMPLEADO) values ('6','6','6');
Insert into SYSTEM.PROGRAMACION_TRIPULANTES (ID,ID_ITINERARIO,ID_EMPLEADO) values ('7','7','7');
Insert into SYSTEM.PROGRAMACION_TRIPULANTES (ID,ID_ITINERARIO,ID_EMPLEADO) values ('8','8','8');
Insert into SYSTEM.PROGRAMACION_TRIPULANTES (ID,ID_ITINERARIO,ID_EMPLEADO) values ('9','9','9');
Insert into SYSTEM.PROGRAMACION_TRIPULANTES (ID,ID_ITINERARIO,ID_EMPLEADO) values ('10','10','10');
Insert into SYSTEM.PROGRAMACION_TRIPULANTES (ID,ID_ITINERARIO,ID_EMPLEADO) values ('11','11','11');
Insert into SYSTEM.PROGRAMACION_TRIPULANTES (ID,ID_ITINERARIO,ID_EMPLEADO) values ('12','12','12');
Insert into SYSTEM.PROGRAMACION_TRIPULANTES (ID,ID_ITINERARIO,ID_EMPLEADO) values ('13','13','13');
Insert into SYSTEM.PROGRAMACION_TRIPULANTES (ID,ID_ITINERARIO,ID_EMPLEADO) values ('14','14','14');
Insert into SYSTEM.PROGRAMACION_TRIPULANTES (ID,ID_ITINERARIO,ID_EMPLEADO) values ('15','15','15');
Insert into SYSTEM.PROGRAMACION_TRIPULANTES (ID,ID_ITINERARIO,ID_EMPLEADO) values ('16','16','16');
Insert into SYSTEM.PROGRAMACION_TRIPULANTES (ID,ID_ITINERARIO,ID_EMPLEADO) values ('17','17','17');
Insert into SYSTEM.PROGRAMACION_TRIPULANTES (ID,ID_ITINERARIO,ID_EMPLEADO) values ('18','18','18');
Insert into SYSTEM.PROGRAMACION_TRIPULANTES (ID,ID_ITINERARIO,ID_EMPLEADO) values ('19','19','19');
Insert into SYSTEM.PROGRAMACION_TRIPULANTES (ID,ID_ITINERARIO,ID_EMPLEADO) values ('20','20','20');
Insert into SYSTEM.PROGRAMACION_TRIPULANTES (ID,ID_ITINERARIO,ID_EMPLEADO) values ('21','21','21');
Insert into SYSTEM.PROGRAMACION_TRIPULANTES (ID,ID_ITINERARIO,ID_EMPLEADO) values ('22','22','22');
Insert into SYSTEM.PROGRAMACION_TRIPULANTES (ID,ID_ITINERARIO,ID_EMPLEADO) values ('23','23','23');
Insert into SYSTEM.PROGRAMACION_TRIPULANTES (ID,ID_ITINERARIO,ID_EMPLEADO) values ('24','24','24');
Insert into SYSTEM.PROGRAMACION_TRIPULANTES (ID,ID_ITINERARIO,ID_EMPLEADO) values ('25','25','25');
Insert into SYSTEM.PROGRAMACION_TRIPULANTES (ID,ID_ITINERARIO,ID_EMPLEADO) values ('26','26','26');
Insert into SYSTEM.PROGRAMACION_TRIPULANTES (ID,ID_ITINERARIO,ID_EMPLEADO) values ('27','27','27');
Insert into SYSTEM.PROGRAMACION_TRIPULANTES (ID,ID_ITINERARIO,ID_EMPLEADO) values ('28','28','28');
Insert into SYSTEM.PROGRAMACION_TRIPULANTES (ID,ID_ITINERARIO,ID_EMPLEADO) values ('29','29','29');
Insert into SYSTEM.PROGRAMACION_TRIPULANTES (ID,ID_ITINERARIO,ID_EMPLEADO) values ('30','30','30');
Insert into SYSTEM.PROGRAMACION_TRIPULANTES (ID,ID_ITINERARIO,ID_EMPLEADO) values ('31','31','31');
Insert into SYSTEM.PROGRAMACION_TRIPULANTES (ID,ID_ITINERARIO,ID_EMPLEADO) values ('32','32','32');
Insert into SYSTEM.PROGRAMACION_TRIPULANTES (ID,ID_ITINERARIO,ID_EMPLEADO) values ('33','33','33');
Insert into SYSTEM.PROGRAMACION_TRIPULANTES (ID,ID_ITINERARIO,ID_EMPLEADO) values ('34','34','34');
Insert into SYSTEM.PROGRAMACION_TRIPULANTES (ID,ID_ITINERARIO,ID_EMPLEADO) values ('35','35','35');
Insert into SYSTEM.PROGRAMACION_TRIPULANTES (ID,ID_ITINERARIO,ID_EMPLEADO) values ('36','36','36');
Insert into SYSTEM.PROGRAMACION_TRIPULANTES (ID,ID_ITINERARIO,ID_EMPLEADO) values ('37','37','37');
Insert into SYSTEM.PROGRAMACION_TRIPULANTES (ID,ID_ITINERARIO,ID_EMPLEADO) values ('38','38','38');
Insert into SYSTEM.PROGRAMACION_TRIPULANTES (ID,ID_ITINERARIO,ID_EMPLEADO) values ('39','39','39');
Insert into SYSTEM.PROGRAMACION_TRIPULANTES (ID,ID_ITINERARIO,ID_EMPLEADO) values ('40','40','40');
Insert into SYSTEM.PROGRAMACION_TRIPULANTES (ID,ID_ITINERARIO,ID_EMPLEADO) values ('41','41','41');
Insert into SYSTEM.PROGRAMACION_TRIPULANTES (ID,ID_ITINERARIO,ID_EMPLEADO) values ('42','42','42');
Insert into SYSTEM.PROGRAMACION_TRIPULANTES (ID,ID_ITINERARIO,ID_EMPLEADO) values ('43','43','43');
Insert into SYSTEM.PROGRAMACION_TRIPULANTES (ID,ID_ITINERARIO,ID_EMPLEADO) values ('44','44','44');
Insert into SYSTEM.PROGRAMACION_TRIPULANTES (ID,ID_ITINERARIO,ID_EMPLEADO) values ('45','45','45');
Insert into SYSTEM.PROGRAMACION_TRIPULANTES (ID,ID_ITINERARIO,ID_EMPLEADO) values ('46','46','46');
Insert into SYSTEM.PROGRAMACION_TRIPULANTES (ID,ID_ITINERARIO,ID_EMPLEADO) values ('47','47','47');
Insert into SYSTEM.PROGRAMACION_TRIPULANTES (ID,ID_ITINERARIO,ID_EMPLEADO) values ('48','48','48');
Insert into SYSTEM.PROGRAMACION_TRIPULANTES (ID,ID_ITINERARIO,ID_EMPLEADO) values ('49','49','49');
Insert into SYSTEM.PROGRAMACION_TRIPULANTES (ID,ID_ITINERARIO,ID_EMPLEADO) values ('50','50','50');


--CHEKIN
Insert into SYSTEM.CHECKIN (ID,TIPO,CONTACTO_EMERGENCIA,CORREO_CONTACTO_EMERGENCIA,TELEFONO_CONTACTO_EMERGENCIA,ID_ITINERARIO,ID_PASAJERO,ID_CIUDAD) values ('238','Virtual','Kato','accumsan@purusinmolestie.edu','16480223','1','1','1');
Insert into SYSTEM.CHECKIN (ID,TIPO,CONTACTO_EMERGENCIA,CORREO_CONTACTO_EMERGENCIA,TELEFONO_CONTACTO_EMERGENCIA,ID_ITINERARIO,ID_PASAJERO,ID_CIUDAD) values ('239','Virtual','Bertha','ultricies@Donec.com','16840521','2','2','2');
Insert into SYSTEM.CHECKIN (ID,TIPO,CONTACTO_EMERGENCIA,CORREO_CONTACTO_EMERGENCIA,TELEFONO_CONTACTO_EMERGENCIA,ID_ITINERARIO,ID_PASAJERO,ID_CIUDAD) values ('240','Virtual','Odessa','non.cursus@Nullaaliquet.net','16640101','3','3','3');
Insert into SYSTEM.CHECKIN (ID,TIPO,CONTACTO_EMERGENCIA,CORREO_CONTACTO_EMERGENCIA,TELEFONO_CONTACTO_EMERGENCIA,ID_ITINERARIO,ID_PASAJERO,ID_CIUDAD) values ('241','Virtual','Lane','eget.nisi.dictum@Crasvehiculaaliquet.org','16610825','4','4','4');
Insert into SYSTEM.CHECKIN (ID,TIPO,CONTACTO_EMERGENCIA,CORREO_CONTACTO_EMERGENCIA,TELEFONO_CONTACTO_EMERGENCIA,ID_ITINERARIO,ID_PASAJERO,ID_CIUDAD) values ('242','Fisico','Michelle','Proin@Integeridmagna.edu','16160423','5','5','5');
Insert into SYSTEM.CHECKIN (ID,TIPO,CONTACTO_EMERGENCIA,CORREO_CONTACTO_EMERGENCIA,TELEFONO_CONTACTO_EMERGENCIA,ID_ITINERARIO,ID_PASAJERO,ID_CIUDAD) values ('243','Fisico','Karleigh','nec.urna@mattis.ca','16870211','6','6','6');
Insert into SYSTEM.CHECKIN (ID,TIPO,CONTACTO_EMERGENCIA,CORREO_CONTACTO_EMERGENCIA,TELEFONO_CONTACTO_EMERGENCIA,ID_ITINERARIO,ID_PASAJERO,ID_CIUDAD) values ('244','Fisico','Yasir','nulla.vulputate.dui@montes.edu','16010307','7','7','7');
Insert into SYSTEM.CHECKIN (ID,TIPO,CONTACTO_EMERGENCIA,CORREO_CONTACTO_EMERGENCIA,TELEFONO_CONTACTO_EMERGENCIA,ID_ITINERARIO,ID_PASAJERO,ID_CIUDAD) values ('245','Virtual','Tucker','Nulla.facilisis@nibhAliquamornare.com','16330108','8','8','8');
Insert into SYSTEM.CHECKIN (ID,TIPO,CONTACTO_EMERGENCIA,CORREO_CONTACTO_EMERGENCIA,TELEFONO_CONTACTO_EMERGENCIA,ID_ITINERARIO,ID_PASAJERO,ID_CIUDAD) values ('246','Virtual','Rylee','at.auctor.ullamcorper@ametrisus.co.uk','16500222','9','9','9');
Insert into SYSTEM.CHECKIN (ID,TIPO,CONTACTO_EMERGENCIA,CORREO_CONTACTO_EMERGENCIA,TELEFONO_CONTACTO_EMERGENCIA,ID_ITINERARIO,ID_PASAJERO,ID_CIUDAD) values ('247','Virtual','Tamekah','nunc.id@purusMaecenas.edu','16880603','10','10','10');
Insert into SYSTEM.CHECKIN (ID,TIPO,CONTACTO_EMERGENCIA,CORREO_CONTACTO_EMERGENCIA,TELEFONO_CONTACTO_EMERGENCIA,ID_ITINERARIO,ID_PASAJERO,ID_CIUDAD) values ('248','Virtual','Patricia','Phasellus@ipsum.ca','16191105','11','11','11');
Insert into SYSTEM.CHECKIN (ID,TIPO,CONTACTO_EMERGENCIA,CORREO_CONTACTO_EMERGENCIA,TELEFONO_CONTACTO_EMERGENCIA,ID_ITINERARIO,ID_PASAJERO,ID_CIUDAD) values ('249','Virtual','Xantha','dis.parturient@Donec.net','16020118','12','12','12');
Insert into SYSTEM.CHECKIN (ID,TIPO,CONTACTO_EMERGENCIA,CORREO_CONTACTO_EMERGENCIA,TELEFONO_CONTACTO_EMERGENCIA,ID_ITINERARIO,ID_PASAJERO,ID_CIUDAD) values ('250','Fisico','Nigel','Aenean.eget.magna@tristiquesenectuset.co.uk','16770514','13','13','13');
Insert into SYSTEM.CHECKIN (ID,TIPO,CONTACTO_EMERGENCIA,CORREO_CONTACTO_EMERGENCIA,TELEFONO_CONTACTO_EMERGENCIA,ID_ITINERARIO,ID_PASAJERO,ID_CIUDAD) values ('251','Fisico','Fleur','Vestibulum@arcu.org','16521229','14','14','14');
Insert into SYSTEM.CHECKIN (ID,TIPO,CONTACTO_EMERGENCIA,CORREO_CONTACTO_EMERGENCIA,TELEFONO_CONTACTO_EMERGENCIA,ID_ITINERARIO,ID_PASAJERO,ID_CIUDAD) values ('252','Virtual','Linus','ullamcorper.viverra@leoCrasvehicula.edu','16720730','15','15','15');
Insert into SYSTEM.CHECKIN (ID,TIPO,CONTACTO_EMERGENCIA,CORREO_CONTACTO_EMERGENCIA,TELEFONO_CONTACTO_EMERGENCIA,ID_ITINERARIO,ID_PASAJERO,ID_CIUDAD) values ('253','Fisico','Neve','morbi.tristique@lorem.edu','16560711','16','16','16');
Insert into SYSTEM.CHECKIN (ID,TIPO,CONTACTO_EMERGENCIA,CORREO_CONTACTO_EMERGENCIA,TELEFONO_CONTACTO_EMERGENCIA,ID_ITINERARIO,ID_PASAJERO,ID_CIUDAD) values ('254','Fisico','Stephen','blandit.Nam.nulla@consectetuer.org','16120401','17','17','17');
Insert into SYSTEM.CHECKIN (ID,TIPO,CONTACTO_EMERGENCIA,CORREO_CONTACTO_EMERGENCIA,TELEFONO_CONTACTO_EMERGENCIA,ID_ITINERARIO,ID_PASAJERO,ID_CIUDAD) values ('255','Fisico','Len','Phasellus.vitae@ridiculus.org','16420620','18','18','18');
Insert into SYSTEM.CHECKIN (ID,TIPO,CONTACTO_EMERGENCIA,CORREO_CONTACTO_EMERGENCIA,TELEFONO_CONTACTO_EMERGENCIA,ID_ITINERARIO,ID_PASAJERO,ID_CIUDAD) values ('256','Fisico','Clayton','ornare.egestas@aliquamerosturpis.org','16260118','19','19','19');
Insert into SYSTEM.CHECKIN (ID,TIPO,CONTACTO_EMERGENCIA,CORREO_CONTACTO_EMERGENCIA,TELEFONO_CONTACTO_EMERGENCIA,ID_ITINERARIO,ID_PASAJERO,ID_CIUDAD) values ('257','Fisico','Martha','et@sagittisDuisgravida.co.uk','16400725','20','20','20');
Insert into SYSTEM.CHECKIN (ID,TIPO,CONTACTO_EMERGENCIA,CORREO_CONTACTO_EMERGENCIA,TELEFONO_CONTACTO_EMERGENCIA,ID_ITINERARIO,ID_PASAJERO,ID_CIUDAD) values ('258','Fisico','Inga','tempus@in.ca','16710109','21','21','21');
Insert into SYSTEM.CHECKIN (ID,TIPO,CONTACTO_EMERGENCIA,CORREO_CONTACTO_EMERGENCIA,TELEFONO_CONTACTO_EMERGENCIA,ID_ITINERARIO,ID_PASAJERO,ID_CIUDAD) values ('259','Fisico','Erich','nec.ante@elementumsemvitae.co.uk','16171223','22','22','22');
Insert into SYSTEM.CHECKIN (ID,TIPO,CONTACTO_EMERGENCIA,CORREO_CONTACTO_EMERGENCIA,TELEFONO_CONTACTO_EMERGENCIA,ID_ITINERARIO,ID_PASAJERO,ID_CIUDAD) values ('260','Virtual','Blythe','bibendum.ullamcorper.Duis@commodotincidunt.org','16391129','23','23','23');
Insert into SYSTEM.CHECKIN (ID,TIPO,CONTACTO_EMERGENCIA,CORREO_CONTACTO_EMERGENCIA,TELEFONO_CONTACTO_EMERGENCIA,ID_ITINERARIO,ID_PASAJERO,ID_CIUDAD) values ('261','Fisico','Violet','Donec.at.arcu@euneque.net','16311003','24','24','24');
Insert into SYSTEM.CHECKIN (ID,TIPO,CONTACTO_EMERGENCIA,CORREO_CONTACTO_EMERGENCIA,TELEFONO_CONTACTO_EMERGENCIA,ID_ITINERARIO,ID_PASAJERO,ID_CIUDAD) values ('262','Virtual','Benedict','tincidunt.aliquam.arcu@sapien.net','16320115','25','25','25');
Insert into SYSTEM.CHECKIN (ID,TIPO,CONTACTO_EMERGENCIA,CORREO_CONTACTO_EMERGENCIA,TELEFONO_CONTACTO_EMERGENCIA,ID_ITINERARIO,ID_PASAJERO,ID_CIUDAD) values ('263','Virtual','Nissim','ultrices@mollisnec.org','16320618','26','26','26');
Insert into SYSTEM.CHECKIN (ID,TIPO,CONTACTO_EMERGENCIA,CORREO_CONTACTO_EMERGENCIA,TELEFONO_CONTACTO_EMERGENCIA,ID_ITINERARIO,ID_PASAJERO,ID_CIUDAD) values ('264','Fisico','Jordan','fermentum@duiinsodales.edu','16141013','27','27','27');
Insert into SYSTEM.CHECKIN (ID,TIPO,CONTACTO_EMERGENCIA,CORREO_CONTACTO_EMERGENCIA,TELEFONO_CONTACTO_EMERGENCIA,ID_ITINERARIO,ID_PASAJERO,ID_CIUDAD) values ('265','Virtual','Celeste','odio@felisullamcorper.net','16430229','28','28','28');
Insert into SYSTEM.CHECKIN (ID,TIPO,CONTACTO_EMERGENCIA,CORREO_CONTACTO_EMERGENCIA,TELEFONO_CONTACTO_EMERGENCIA,ID_ITINERARIO,ID_PASAJERO,ID_CIUDAD) values ('266','Virtual','Nathaniel','amet.consectetuer@sagittisfelisDonec.co.uk','16770925','29','29','29');
Insert into SYSTEM.CHECKIN (ID,TIPO,CONTACTO_EMERGENCIA,CORREO_CONTACTO_EMERGENCIA,TELEFONO_CONTACTO_EMERGENCIA,ID_ITINERARIO,ID_PASAJERO,ID_CIUDAD) values ('267','Fisico','Stewart','enim.nisl.elementum@adipiscingenimmi.edu','16361005','30','30','30');
Insert into SYSTEM.CHECKIN (ID,TIPO,CONTACTO_EMERGENCIA,CORREO_CONTACTO_EMERGENCIA,TELEFONO_CONTACTO_EMERGENCIA,ID_ITINERARIO,ID_PASAJERO,ID_CIUDAD) values ('268','Virtual','Sybil','sagittis@nullaInteger.edu','16620626','31','31','31');
Insert into SYSTEM.CHECKIN (ID,TIPO,CONTACTO_EMERGENCIA,CORREO_CONTACTO_EMERGENCIA,TELEFONO_CONTACTO_EMERGENCIA,ID_ITINERARIO,ID_PASAJERO,ID_CIUDAD) values ('269','Fisico','Noble','cubilia@mauriserat.edu','16310708','32','32','32');
Insert into SYSTEM.CHECKIN (ID,TIPO,CONTACTO_EMERGENCIA,CORREO_CONTACTO_EMERGENCIA,TELEFONO_CONTACTO_EMERGENCIA,ID_ITINERARIO,ID_PASAJERO,ID_CIUDAD) values ('270','Fisico','Kaitlin','laoreet@pedenecante.org','16521205','33','33','33');
Insert into SYSTEM.CHECKIN (ID,TIPO,CONTACTO_EMERGENCIA,CORREO_CONTACTO_EMERGENCIA,TELEFONO_CONTACTO_EMERGENCIA,ID_ITINERARIO,ID_PASAJERO,ID_CIUDAD) values ('271','Virtual','Doris','netus.et.malesuada@estvitae.com','16031121','34','34','34');
Insert into SYSTEM.CHECKIN (ID,TIPO,CONTACTO_EMERGENCIA,CORREO_CONTACTO_EMERGENCIA,TELEFONO_CONTACTO_EMERGENCIA,ID_ITINERARIO,ID_PASAJERO,ID_CIUDAD) values ('272','Virtual','Walter','lectus.sit@risus.com','16800807','35','35','35');
Insert into SYSTEM.CHECKIN (ID,TIPO,CONTACTO_EMERGENCIA,CORREO_CONTACTO_EMERGENCIA,TELEFONO_CONTACTO_EMERGENCIA,ID_ITINERARIO,ID_PASAJERO,ID_CIUDAD) values ('273','Fisico','Ashton','dolor.Nulla.semper@diameudolor.com','16220227','36','36','36');
Insert into SYSTEM.CHECKIN (ID,TIPO,CONTACTO_EMERGENCIA,CORREO_CONTACTO_EMERGENCIA,TELEFONO_CONTACTO_EMERGENCIA,ID_ITINERARIO,ID_PASAJERO,ID_CIUDAD) values ('274','Fisico','Ella','risus.quis@arcu.com','16670202','37','37','37');
Insert into SYSTEM.CHECKIN (ID,TIPO,CONTACTO_EMERGENCIA,CORREO_CONTACTO_EMERGENCIA,TELEFONO_CONTACTO_EMERGENCIA,ID_ITINERARIO,ID_PASAJERO,ID_CIUDAD) values ('275','Virtual','Shannon','Duis.mi.enim@rutrumeu.edu','16370701','38','38','38');
Insert into SYSTEM.CHECKIN (ID,TIPO,CONTACTO_EMERGENCIA,CORREO_CONTACTO_EMERGENCIA,TELEFONO_CONTACTO_EMERGENCIA,ID_ITINERARIO,ID_PASAJERO,ID_CIUDAD) values ('276','Virtual','Germane','nec.cursus.a@natoquepenatibuset.org','16411214','39','39','39');
Insert into SYSTEM.CHECKIN (ID,TIPO,CONTACTO_EMERGENCIA,CORREO_CONTACTO_EMERGENCIA,TELEFONO_CONTACTO_EMERGENCIA,ID_ITINERARIO,ID_PASAJERO,ID_CIUDAD) values ('277','Virtual','Kelly','nec.urna@elitpretium.org','16670926','40','40','40');
Insert into SYSTEM.CHECKIN (ID,TIPO,CONTACTO_EMERGENCIA,CORREO_CONTACTO_EMERGENCIA,TELEFONO_CONTACTO_EMERGENCIA,ID_ITINERARIO,ID_PASAJERO,ID_CIUDAD) values ('278','Virtual','Sharon','elit@ut.edu','16510519','41','41','41');
Insert into SYSTEM.CHECKIN (ID,TIPO,CONTACTO_EMERGENCIA,CORREO_CONTACTO_EMERGENCIA,TELEFONO_CONTACTO_EMERGENCIA,ID_ITINERARIO,ID_PASAJERO,ID_CIUDAD) values ('279','Virtual','Driscoll','nisl.Nulla.eu@dictumPhasellus.edu','16510902','42','42','42');
Insert into SYSTEM.CHECKIN (ID,TIPO,CONTACTO_EMERGENCIA,CORREO_CONTACTO_EMERGENCIA,TELEFONO_CONTACTO_EMERGENCIA,ID_ITINERARIO,ID_PASAJERO,ID_CIUDAD) values ('280','Virtual','Tallulah','non.sollicitudin@sedorcilobortis.net','16810220','43','43','43');
Insert into SYSTEM.CHECKIN (ID,TIPO,CONTACTO_EMERGENCIA,CORREO_CONTACTO_EMERGENCIA,TELEFONO_CONTACTO_EMERGENCIA,ID_ITINERARIO,ID_PASAJERO,ID_CIUDAD) values ('281','Fisico','Kaseem','mi.fringilla@nasceturridiculus.ca','16651024','44','44','44');
Insert into SYSTEM.CHECKIN (ID,TIPO,CONTACTO_EMERGENCIA,CORREO_CONTACTO_EMERGENCIA,TELEFONO_CONTACTO_EMERGENCIA,ID_ITINERARIO,ID_PASAJERO,ID_CIUDAD) values ('282','Fisico','Dale','Vestibulum@diamProindolor.co.uk','16831006','45','45','45');
Insert into SYSTEM.CHECKIN (ID,TIPO,CONTACTO_EMERGENCIA,CORREO_CONTACTO_EMERGENCIA,TELEFONO_CONTACTO_EMERGENCIA,ID_ITINERARIO,ID_PASAJERO,ID_CIUDAD) values ('283','Fisico','Nicholas','risus.Donec.egestas@eget.net','16400509','46','46','46');
Insert into SYSTEM.CHECKIN (ID,TIPO,CONTACTO_EMERGENCIA,CORREO_CONTACTO_EMERGENCIA,TELEFONO_CONTACTO_EMERGENCIA,ID_ITINERARIO,ID_PASAJERO,ID_CIUDAD) values ('284','Virtual','Odysseus','tristique@risus.org','16060411','47','47','47');
Insert into SYSTEM.CHECKIN (ID,TIPO,CONTACTO_EMERGENCIA,CORREO_CONTACTO_EMERGENCIA,TELEFONO_CONTACTO_EMERGENCIA,ID_ITINERARIO,ID_PASAJERO,ID_CIUDAD) values ('285','Virtual','Alden','cursus@dignissimMaecenas.edu','16141218','48','48','48');
Insert into SYSTEM.CHECKIN (ID,TIPO,CONTACTO_EMERGENCIA,CORREO_CONTACTO_EMERGENCIA,TELEFONO_CONTACTO_EMERGENCIA,ID_ITINERARIO,ID_PASAJERO,ID_CIUDAD) values ('286','Fisico','Ulla','mauris.ipsum.porta@velitAliquamnisl.org','16860522','49','49','49');
Insert into SYSTEM.CHECKIN (ID,TIPO,CONTACTO_EMERGENCIA,CORREO_CONTACTO_EMERGENCIA,TELEFONO_CONTACTO_EMERGENCIA,ID_ITINERARIO,ID_PASAJERO,ID_CIUDAD) values ('287','Virtual','Kylee','metus.Aliquam@sem.com','16141124','50','50','50');



