
-------------------------------Insert -------------------------
--AEROPUERTOS
Insert into  AEROPUERTOS (ID,NOMBRE,LONGITUD,LATITUD,ID_CIUDAD) values (1,'EL DORADO','0','0',2);
Insert into  AEROPUERTOS (ID,NOMBRE,LONGITUD,LATITUD,ID_CIUDAD) values (2,'MADANG','145.789','-5.207',3);
Insert into  AEROPUERTOS (ID,NOMBRE,LONGITUD,LATITUD,ID_CIUDAD) values (3,'MOUNT HAGEN','144.296','-5.826',2);
Insert into  AEROPUERTOS (ID,NOMBRE,LONGITUD,LATITUD,ID_CIUDAD) values (4,'NADZAB','146.726','-6.57',15);
Insert into  AEROPUERTOS (ID,NOMBRE,LONGITUD,LATITUD,ID_CIUDAD) values (5,'PORT MORESBY JACKSONS INTERNATIONAL','147.22','-9.443',6);
Insert into  AEROPUERTOS (ID,NOMBRE,LONGITUD,LATITUD,ID_CIUDAD) values (6,'JOSE MARIA CORDOVA','0','0',7);
Insert into  AEROPUERTOS (ID,NOMBRE,LONGITUD,LATITUD,ID_CIUDAD) values (7,'WEWAK INTERNATIONAL','143.669','-3.584',18);
Insert into  AEROPUERTOS (ID,NOMBRE,LONGITUD,LATITUD,ID_CIUDAD) values (8,'PALO NEGRO','0','0',29);
Insert into  AEROPUERTOS (ID,NOMBRE,LONGITUD,LATITUD,ID_CIUDAD) values (9,'GUSTAVO ROJAS PINILLA','0','0',10);
Insert into  AEROPUERTOS (ID,NOMBRE,LONGITUD,LATITUD,ID_CIUDAD) values (10,'LA FLORIDA','0','0',1);
Insert into  AEROPUERTOS (ID,NOMBRE,LONGITUD,LATITUD,ID_CIUDAD) values (11,'NARSARSUAQ','45.427','61.161',2);
Insert into  AEROPUERTOS (ID,NOMBRE,LONGITUD,LATITUD,ID_CIUDAD) values (12,'JOSE CELESTINO MUTIS','0','0',3);
Insert into  AEROPUERTOS (ID,NOMBRE,LONGITUD,LATITUD,ID_CIUDAD) values (13,'NERLERIT INAAT CONSTABLE PYNT','22.646','70.739',1);
Insert into  AEROPUERTOS (ID,NOMBRE,LONGITUD,LATITUD,ID_CIUDAD) values (14,'EL EMBRUJO','0','0',14);
Insert into  AEROPUERTOS (ID,NOMBRE,LONGITUD,LATITUD,ID_CIUDAD) values (15,'TRES DE MAYO','0','0',25);
Insert into  AEROPUERTOS (ID,NOMBRE,LONGITUD,LATITUD,ID_CIUDAD) values (16,'SAN LUIS','0','0',26);
Insert into  AEROPUERTOS (ID,NOMBRE,LONGITUD,LATITUD,ID_CIUDAD) values (17,'ANTONIO NARIÑO','0','0',19);
Insert into  AEROPUERTOS (ID,NOMBRE,LONGITUD,LATITUD,ID_CIUDAD) values (18,'EL CARAÑO','0','0',19);
Insert into  AEROPUERTOS (ID,NOMBRE,LONGITUD,LATITUD,ID_CIUDAD) values (19,'MANDINGA','0','0',29);
Insert into  AEROPUERTOS (ID,NOMBRE,LONGITUD,LATITUD,ID_CIUDAD) values (20,'EL TOMIN','0','0',40);
Insert into  AEROPUERTOS (ID,NOMBRE,LONGITUD,LATITUD,ID_CIUDAD) values (21,'NUUK','51.678','64.191',42);
Insert into  AEROPUERTOS (ID,NOMBRE,LONGITUD,LATITUD,ID_CIUDAD) values (22,'CAUCAYA','0','0',23);
Insert into  AEROPUERTOS (ID,NOMBRE,LONGITUD,LATITUD,ID_CIUDAD) values (23,'OTÚ','0','0',2);
Insert into  AEROPUERTOS (ID,NOMBRE,LONGITUD,LATITUD,ID_CIUDAD) values (24,'AGUAS CLARAS','0','0',1);
Insert into  AEROPUERTOS (ID,NOMBRE,LONGITUD,LATITUD,ID_CIUDAD) values (25,'PUERTO BOLIVAR','0','0',24);
Insert into  AEROPUERTOS (ID,NOMBRE,LONGITUD,LATITUD,ID_CIUDAD) values (26,'CONTADOR','0','0',27);
Insert into  AEROPUERTOS (ID,NOMBRE,LONGITUD,LATITUD,ID_CIUDAD) values (27,'JACOBSHAVN','51.067','69.233',28);
Insert into  AEROPUERTOS (ID,NOMBRE,LONGITUD,LATITUD,ID_CIUDAD) values (28,'GERMAN OLANO','0','0',29);
Insert into  AEROPUERTOS (ID,NOMBRE,LONGITUD,LATITUD,ID_CIUDAD) values (29,'KULUSUK','37.15','65.583',3);
Insert into  AEROPUERTOS (ID,NOMBRE,LONGITUD,LATITUD,ID_CIUDAD) values (30,'LOS COLONIZADORES','0','0',1);
Insert into  AEROPUERTOS (ID,NOMBRE,LONGITUD,LATITUD,ID_CIUDAD) values (31,'EL PINDO','0','0',12);
Insert into  AEROPUERTOS (ID,NOMBRE,LONGITUD,LATITUD,ID_CIUDAD) values (32,'HUCARITAMA','0','0',38);
Insert into  AEROPUERTOS (ID,NOMBRE,LONGITUD,LATITUD,ID_CIUDAD) values (33,'LOS POZOS','0','0',23);
Insert into  AEROPUERTOS (ID,NOMBRE,LONGITUD,LATITUD,ID_CIUDAD) values (34,'PUERTO RICO','0','0',19);
Insert into  AEROPUERTOS (ID,NOMBRE,LONGITUD,LATITUD,ID_CIUDAD) values (35,'LOS POZOS','0','0',4);
Insert into  AEROPUERTOS (ID,NOMBRE,LONGITUD,LATITUD,ID_CIUDAD) values (36,'SANTA ANA','0','0',29);
Insert into  AEROPUERTOS (ID,NOMBRE,LONGITUD,LATITUD,ID_CIUDAD) values (37,'LA NUBIA','0','0',10);
Insert into  AEROPUERTOS (ID,NOMBRE,LONGITUD,LATITUD,ID_CIUDAD) values (38,'LAS BRUJAS','0','0',4);
Insert into  AEROPUERTOS (ID,NOMBRE,LONGITUD,LATITUD,ID_CIUDAD) values (39,'KANGERLUSSUAQ SONDRE STROMFJORD','50.689','67.017',4);
Insert into  AEROPUERTOS (ID,NOMBRE,LONGITUD,LATITUD,ID_CIUDAD) values (40,'PERALES','0','0',1);
Insert into  AEROPUERTOS (ID,NOMBRE,LONGITUD,LATITUD,ID_CIUDAD) values (41,'BENITO SALAS','0','0',2);
Insert into  AEROPUERTOS (ID,NOMBRE,LONGITUD,LATITUD,ID_CIUDAD) values (42,'THULE AIR BASE','68.703','76.531',13);
Insert into  AEROPUERTOS (ID,NOMBRE,LONGITUD,LATITUD,ID_CIUDAD) values (43,'LOS GARZONES','0','0',14);
Insert into  AEROPUERTOS (ID,NOMBRE,LONGITUD,LATITUD,ID_CIUDAD) values (44,'MATECAÑA','0','0',5);
Insert into  AEROPUERTOS (ID,NOMBRE,LONGITUD,LATITUD,ID_CIUDAD) values (45,'OLAYA HERRERA','0','0',16);
Insert into  AEROPUERTOS (ID,NOMBRE,LONGITUD,LATITUD,ID_CIUDAD) values (46,'CAMILO DAZA','0','0',27);
Insert into  AEROPUERTOS (ID,NOMBRE,LONGITUD,LATITUD,ID_CIUDAD) values (47,'AKUREYRI','18.072','65.66',38);
Insert into  AEROPUERTOS (ID,NOMBRE,LONGITUD,LATITUD,ID_CIUDAD) values (48,'SANTIAGO PERÉZ','0','0',19);
Insert into  AEROPUERTOS (ID,NOMBRE,LONGITUD,LATITUD,ID_CIUDAD) values (49,'ALMIRANTE PADILLA','0','0',10);
Insert into  AEROPUERTOS (ID,NOMBRE,LONGITUD,LATITUD,ID_CIUDAD) values (50,'EGILSSTADIR','14.401','65.283',1);
---AVIONES

Insert into  AVIONES (ID,MATRICULA,NUMERO_SERIAL,EDAD,NUM_ASIENTOS_PRIMERA_CLASE,NUM_ASIENTOS_CLASE_ECONOMICA,MARCA,ESTADO) values (1,'N764AV','7887','Brand new',15,248,'Airbus A320_251N','Vuelo');
Insert into  AVIONES (ID,MATRICULA,NUMERO_SERIAL,EDAD,NUM_ASIENTOS_PRIMERA_CLASE,NUM_ASIENTOS_CLASE_ECONOMICA,MARCA,ESTADO) values (2,'N765AV','7928','Brand new',15,248,'Airbus A320_251N','Vuelo');
Insert into  AVIONES (ID,MATRICULA,NUMERO_SERIAL,EDAD,NUM_ASIENTOS_PRIMERA_CLASE,NUM_ASIENTOS_CLASE_ECONOMICA,MARCA,ESTADO) values (3,'N766AV','8096','Brand new',15,248,'Airbus A320_251N','Vuelo');
Insert into  AVIONES (ID,MATRICULA,NUMERO_SERIAL,EDAD,NUM_ASIENTOS_PRIMERA_CLASE,NUM_ASIENTOS_CLASE_ECONOMICA,MARCA,ESTADO) values (4,'PR_OBD','7175','1 year',15,248,'Airbus A320_251N','Vuelo');
Insert into  AVIONES (ID,MATRICULA,NUMERO_SERIAL,EDAD,NUM_ASIENTOS_PRIMERA_CLASE,NUM_ASIENTOS_CLASE_ECONOMICA,MARCA,ESTADO) values (5,'PR_OBF','7323','1 year',15,248,'Airbus A320_251N','Vuelo');
Insert into  AVIONES (ID,MATRICULA,NUMERO_SERIAL,EDAD,NUM_ASIENTOS_PRIMERA_CLASE,NUM_ASIENTOS_CLASE_ECONOMICA,MARCA,ESTADO) values (6,'PR_OBH','7484','1 year',15,248,'Airbus A320_251N','Vuelo');
Insert into  AVIONES (ID,MATRICULA,NUMERO_SERIAL,EDAD,NUM_ASIENTOS_PRIMERA_CLASE,NUM_ASIENTOS_CLASE_ECONOMICA,MARCA,ESTADO) values (7,'PR_OBI','7514','1 year',15,248,'Airbus A320_251N','Tierra');
Insert into  AVIONES (ID,MATRICULA,NUMERO_SERIAL,EDAD,NUM_ASIENTOS_PRIMERA_CLASE,NUM_ASIENTOS_CLASE_ECONOMICA,MARCA,ESTADO) values (8,'PR_OBJ','7698','Brand new',15,248,'Airbus A320_251N','Vuelo');
Insert into  AVIONES (ID,MATRICULA,NUMERO_SERIAL,EDAD,NUM_ASIENTOS_PRIMERA_CLASE,NUM_ASIENTOS_CLASE_ECONOMICA,MARCA,ESTADO) values (9,'PR_OBK','7799','Brand new',12,138,'Airbus A320_251N','Tierra');
Insert into  AVIONES (ID,MATRICULA,NUMERO_SERIAL,EDAD,NUM_ASIENTOS_PRIMERA_CLASE,NUM_ASIENTOS_CLASE_ECONOMICA,MARCA,ESTADO) values (10,'PR_OBL','7854','Brand new',15,248,'Airbus A320_251N','Vuelo');
Insert into  AVIONES (ID,MATRICULA,NUMERO_SERIAL,EDAD,NUM_ASIENTOS_PRIMERA_CLASE,NUM_ASIENTOS_CLASE_ECONOMICA,MARCA,ESTADO) values (11,'PR_OBM','7856','Brand new',15,248,'Airbus A320_251N','Vuelo');
Insert into  AVIONES (ID,MATRICULA,NUMERO_SERIAL,EDAD,NUM_ASIENTOS_PRIMERA_CLASE,NUM_ASIENTOS_CLASE_ECONOMICA,MARCA,ESTADO) values (12,'N759AV','7770','Brand new',12,182,'Airbus A321_253N','Vuelo');
Insert into  AVIONES (ID,MATRICULA,NUMERO_SERIAL,EDAD,NUM_ASIENTOS_PRIMERA_CLASE,NUM_ASIENTOS_CLASE_ECONOMICA,MARCA,ESTADO) values (13,'N761AV','7847','Brand new',12,182,'Airbus A321_253N','Tierra');
Insert into  AVIONES (ID,MATRICULA,NUMERO_SERIAL,EDAD,NUM_ASIENTOS_PRIMERA_CLASE,NUM_ASIENTOS_CLASE_ECONOMICA,MARCA,ESTADO) values (14,'N589AV','2575','12 years',12,88,'Airbus A318_111','Tierra');
Insert into  AVIONES (ID,MATRICULA,NUMERO_SERIAL,EDAD,NUM_ASIENTOS_PRIMERA_CLASE,NUM_ASIENTOS_CLASE_ECONOMICA,MARCA,ESTADO) values (15,'N590EL','2328','13 years',12,88,'Airbus A318_111','Tierra');
Insert into  AVIONES (ID,MATRICULA,NUMERO_SERIAL,EDAD,NUM_ASIENTOS_PRIMERA_CLASE,NUM_ASIENTOS_CLASE_ECONOMICA,MARCA,ESTADO) values (16,'N591EL','2333','13 years',12,88,'Airbus A318_111','Tierra');
Insert into  AVIONES (ID,MATRICULA,NUMERO_SERIAL,EDAD,NUM_ASIENTOS_PRIMERA_CLASE,NUM_ASIENTOS_CLASE_ECONOMICA,MARCA,ESTADO) values (17,'N592EL','2358','13 years',12,88,'Airbus A318_111','Tierra');
Insert into  AVIONES (ID,MATRICULA,NUMERO_SERIAL,EDAD,NUM_ASIENTOS_PRIMERA_CLASE,NUM_ASIENTOS_CLASE_ECONOMICA,MARCA,ESTADO) values (18,'N593EL','2367','13 years',12,88,'Airbus A318_111','Tierra');
Insert into  AVIONES (ID,MATRICULA,NUMERO_SERIAL,EDAD,NUM_ASIENTOS_PRIMERA_CLASE,NUM_ASIENTOS_CLASE_ECONOMICA,MARCA,ESTADO) values (19,'N594EL','2377','13 years',12,88,'Airbus A318_111','Tierra');
Insert into  AVIONES (ID,MATRICULA,NUMERO_SERIAL,EDAD,NUM_ASIENTOS_PRIMERA_CLASE,NUM_ASIENTOS_CLASE_ECONOMICA,MARCA,ESTADO) values (20,'N595EL','2394','13 years',12,88,'Airbus A318_111','Vuelo');
Insert into  AVIONES (ID,MATRICULA,NUMERO_SERIAL,EDAD,NUM_ASIENTOS_PRIMERA_CLASE,NUM_ASIENTOS_CLASE_ECONOMICA,MARCA,ESTADO) values (21,'N596EL','2523','12 years',12,88,'Airbus A318_111','Tierra');
Insert into  AVIONES (ID,MATRICULA,NUMERO_SERIAL,EDAD,NUM_ASIENTOS_PRIMERA_CLASE,NUM_ASIENTOS_CLASE_ECONOMICA,MARCA,ESTADO) values (22,'N597EL','2544','12 years',12,88,'Airbus A318_111','Vuelo');
Insert into  AVIONES (ID,MATRICULA,NUMERO_SERIAL,EDAD,NUM_ASIENTOS_PRIMERA_CLASE,NUM_ASIENTOS_CLASE_ECONOMICA,MARCA,ESTADO) values (23,'N598EL','2552','12 years',12,88,'Airbus A318_111','Tierra');
Insert into  AVIONES (ID,MATRICULA,NUMERO_SERIAL,EDAD,NUM_ASIENTOS_PRIMERA_CLASE,NUM_ASIENTOS_CLASE_ECONOMICA,MARCA,ESTADO) values (24,'PR_AVJ','3030','10 years',12,88,'Airbus A318_122','Vuelo');
Insert into  AVIONES (ID,MATRICULA,NUMERO_SERIAL,EDAD,NUM_ASIENTOS_PRIMERA_CLASE,NUM_ASIENTOS_CLASE_ECONOMICA,MARCA,ESTADO) values (25,'PR_AVL','3214','10 years',12,88,'Airbus A318_122','Tierra');
Insert into  AVIONES (ID,MATRICULA,NUMERO_SERIAL,EDAD,NUM_ASIENTOS_PRIMERA_CLASE,NUM_ASIENTOS_CLASE_ECONOMICA,MARCA,ESTADO) values (26,'PR_ONC','3371','10 years',12,88,'Airbus A318_122','Tierra');
Insert into  AVIONES (ID,MATRICULA,NUMERO_SERIAL,EDAD,NUM_ASIENTOS_PRIMERA_CLASE,NUM_ASIENTOS_CLASE_ECONOMICA,MARCA,ESTADO) values (27,'PR_OND','3390','10 years',12,88,'Airbus A318_122','Mantenimiento');
Insert into  AVIONES (ID,MATRICULA,NUMERO_SERIAL,EDAD,NUM_ASIENTOS_PRIMERA_CLASE,NUM_ASIENTOS_CLASE_ECONOMICA,MARCA,ESTADO) values (28,'PR_ONI','3509','9 years',12,88,'Airbus A318_122','Vuelo');
Insert into  AVIONES (ID,MATRICULA,NUMERO_SERIAL,EDAD,NUM_ASIENTOS_PRIMERA_CLASE,NUM_ASIENTOS_CLASE_ECONOMICA,MARCA,ESTADO) values (29,'PR_ONO','3602','9 years',12,88,'Airbus A318_122','Tierra');
Insert into  AVIONES (ID,MATRICULA,NUMERO_SERIAL,EDAD,NUM_ASIENTOS_PRIMERA_CLASE,NUM_ASIENTOS_CLASE_ECONOMICA,MARCA,ESTADO) values (30,'PR_ONR','3642','9 years',12,88,'Airbus A318_122','Vuelo');
Insert into  AVIONES (ID,MATRICULA,NUMERO_SERIAL,EDAD,NUM_ASIENTOS_PRIMERA_CLASE,NUM_ASIENTOS_CLASE_ECONOMICA,MARCA,ESTADO) values (31,'HC_CKN','1882','15 years',12,108,'Airbus A319_112','Tierra');
Insert into  AVIONES (ID,MATRICULA,NUMERO_SERIAL,EDAD,NUM_ASIENTOS_PRIMERA_CLASE,NUM_ASIENTOS_CLASE_ECONOMICA,MARCA,ESTADO) values (32,'HC_CLF','2078','14 years',12,108,'Airbus A319_112','Vuelo');
Insert into  AVIONES (ID,MATRICULA,NUMERO_SERIAL,EDAD,NUM_ASIENTOS_PRIMERA_CLASE,NUM_ASIENTOS_CLASE_ECONOMICA,MARCA,ESTADO) values (33,'HC_CSA','3518','9 years',12,108,'Airbus A319_115','Mantenimiento');
Insert into  AVIONES (ID,MATRICULA,NUMERO_SERIAL,EDAD,NUM_ASIENTOS_PRIMERA_CLASE,NUM_ASIENTOS_CLASE_ECONOMICA,MARCA,ESTADO) values (34,'HC_CSB','3467','9 years',12,108,'Airbus A319_115','Vuelo');
Insert into  AVIONES (ID,MATRICULA,NUMERO_SERIAL,EDAD,NUM_ASIENTOS_PRIMERA_CLASE,NUM_ASIENTOS_CLASE_ECONOMICA,MARCA,ESTADO) values (35,'N422AV','4200','8 years',12,108,'Airbus A319_115','Mantenimiento');
Insert into  AVIONES (ID,MATRICULA,NUMERO_SERIAL,EDAD,NUM_ASIENTOS_PRIMERA_CLASE,NUM_ASIENTOS_CLASE_ECONOMICA,MARCA,ESTADO) values (36,'N478TA','2339','13 years',12,108,'Airbus A319_132','Vuelo');
Insert into  AVIONES (ID,MATRICULA,NUMERO_SERIAL,EDAD,NUM_ASIENTOS_PRIMERA_CLASE,NUM_ASIENTOS_CLASE_ECONOMICA,MARCA,ESTADO) values (37,'N479TA','2444','12 years',12,108,'Airbus A319_132','Mantenimiento');
Insert into  AVIONES (ID,MATRICULA,NUMERO_SERIAL,EDAD,NUM_ASIENTOS_PRIMERA_CLASE,NUM_ASIENTOS_CLASE_ECONOMICA,MARCA,ESTADO) values (38,'N480TA','3057','11 years',12,108,'Airbus A319_132','Vuelo');
Insert into  AVIONES (ID,MATRICULA,NUMERO_SERIAL,EDAD,NUM_ASIENTOS_PRIMERA_CLASE,NUM_ASIENTOS_CLASE_ECONOMICA,MARCA,ESTADO) values (39,'N519AV','5119','5 years',12,108,'Airbus A319_115','Tierra');
Insert into  AVIONES (ID,MATRICULA,NUMERO_SERIAL,EDAD,NUM_ASIENTOS_PRIMERA_CLASE,NUM_ASIENTOS_CLASE_ECONOMICA,MARCA,ESTADO) values (40,'N520TA','3248','10 years',12,108,'Airbus A319_132','Vuelo');
Insert into  AVIONES (ID,MATRICULA,NUMERO_SERIAL,EDAD,NUM_ASIENTOS_PRIMERA_CLASE,NUM_ASIENTOS_CLASE_ECONOMICA,MARCA,ESTADO) values (41,'N521TA','3276','10 years',12,108,'Airbus A319_132','Mantenimiento');
Insert into  AVIONES (ID,MATRICULA,NUMERO_SERIAL,EDAD,NUM_ASIENTOS_PRIMERA_CLASE,NUM_ASIENTOS_CLASE_ECONOMICA,MARCA,ESTADO) values (42,'N522TA','5219','5 years',12,108,'Airbus A319_132','Vuelo');
Insert into  AVIONES (ID,MATRICULA,NUMERO_SERIAL,EDAD,NUM_ASIENTOS_PRIMERA_CLASE,NUM_ASIENTOS_CLASE_ECONOMICA,MARCA,ESTADO) values (43,'N524TA','5280','5 years',12,108,'Airbus A319_112','Reparación');
Insert into  AVIONES (ID,MATRICULA,NUMERO_SERIAL,EDAD,NUM_ASIENTOS_PRIMERA_CLASE,NUM_ASIENTOS_CLASE_ECONOMICA,MARCA,ESTADO) values (44,'N557AV','5057','6 years',12,108,'Airbus A319_115','Vuelo');
Insert into  AVIONES (ID,MATRICULA,NUMERO_SERIAL,EDAD,NUM_ASIENTOS_PRIMERA_CLASE,NUM_ASIENTOS_CLASE_ECONOMICA,MARCA,ESTADO) values (45,'N647AV','3647','9 years',12,108,'Airbus A319_115','Reparación');
Insert into  AVIONES (ID,MATRICULA,NUMERO_SERIAL,EDAD,NUM_ASIENTOS_PRIMERA_CLASE,NUM_ASIENTOS_CLASE_ECONOMICA,MARCA,ESTADO) values (46,'N690AV','5944','4 years',12,108,'Airbus A319_132','Vuelo');
Insert into  AVIONES (ID,MATRICULA,NUMERO_SERIAL,EDAD,NUM_ASIENTOS_PRIMERA_CLASE,NUM_ASIENTOS_CLASE_ECONOMICA,MARCA,ESTADO) values (47,'N691AV','3691','9 years',12,108,'Airbus A319_115','Tierra');
Insert into  AVIONES (ID,MATRICULA,NUMERO_SERIAL,EDAD,NUM_ASIENTOS_PRIMERA_CLASE,NUM_ASIENTOS_CLASE_ECONOMICA,MARCA,ESTADO) values (48,'N694AV','6068','3 years',12,108,'Airbus A319_132','Vuelo');
Insert into  AVIONES (ID,MATRICULA,NUMERO_SERIAL,EDAD,NUM_ASIENTOS_PRIMERA_CLASE,NUM_ASIENTOS_CLASE_ECONOMICA,MARCA,ESTADO) values (49,'N695AV','6099','3 years',12,108,'Airbus A319_132','Reparación');
-- CHECKIN
Insert into  CHECKIN (ID,TIPO,CONTACTO_EMERGENCIA,CORREO_CONTACTO_EMERGENCIA,TELEFONO_CONTACTO_EMERGENCIA,ID_ITINERARIO,ID_PASAJERO,ID_CIUDAD) values (1,'Virtual','Kato','accumsan@purusinmolestie.edu',16480223,1,11,21);
Insert into  CHECKIN (ID,TIPO,CONTACTO_EMERGENCIA,CORREO_CONTACTO_EMERGENCIA,TELEFONO_CONTACTO_EMERGENCIA,ID_ITINERARIO,ID_PASAJERO,ID_CIUDAD) values (2,'Virtual','Bertha','ultricies@Donec.com',16840521,2,42,50);
Insert into  CHECKIN (ID,TIPO,CONTACTO_EMERGENCIA,CORREO_CONTACTO_EMERGENCIA,TELEFONO_CONTACTO_EMERGENCIA,ID_ITINERARIO,ID_PASAJERO,ID_CIUDAD) values (3,'Virtual','Odessa','non.cursus@Nullaaliquet.net',16640101,3,33,43);
Insert into  CHECKIN (ID,TIPO,CONTACTO_EMERGENCIA,CORREO_CONTACTO_EMERGENCIA,TELEFONO_CONTACTO_EMERGENCIA,ID_ITINERARIO,ID_PASAJERO,ID_CIUDAD) values (4,'Virtual','Lane','eget.nisi.dictum@Crasvehiculaaliquet.org',16610825,4,4,44);
Insert into  CHECKIN (ID,TIPO,CONTACTO_EMERGENCIA,CORREO_CONTACTO_EMERGENCIA,TELEFONO_CONTACTO_EMERGENCIA,ID_ITINERARIO,ID_PASAJERO,ID_CIUDAD) values (5,'Fisico','Michelle','Proin@Integeridmagna.edu',16160423,5,2,44);
Insert into  CHECKIN (ID,TIPO,CONTACTO_EMERGENCIA,CORREO_CONTACTO_EMERGENCIA,TELEFONO_CONTACTO_EMERGENCIA,ID_ITINERARIO,ID_PASAJERO,ID_CIUDAD) values (6,'Fisico','Karleigh','nec.urna@mattis.ca',16870211,6,6,36);
Insert into  CHECKIN (ID,TIPO,CONTACTO_EMERGENCIA,CORREO_CONTACTO_EMERGENCIA,TELEFONO_CONTACTO_EMERGENCIA,ID_ITINERARIO,ID_PASAJERO,ID_CIUDAD) values (7,'Fisico','Yasir','nulla.vulputate.dui@montes.edu',16010307,7,27,17);
Insert into  CHECKIN (ID,TIPO,CONTACTO_EMERGENCIA,CORREO_CONTACTO_EMERGENCIA,TELEFONO_CONTACTO_EMERGENCIA,ID_ITINERARIO,ID_PASAJERO,ID_CIUDAD) values (8,'Virtual','Tucker','Nulla.facilisis@nibhAliquamornare.com',16330108,9,18,48);
Insert into  CHECKIN (ID,TIPO,CONTACTO_EMERGENCIA,CORREO_CONTACTO_EMERGENCIA,TELEFONO_CONTACTO_EMERGENCIA,ID_ITINERARIO,ID_PASAJERO,ID_CIUDAD) values (9,'Virtual','Rylee','at.auctor.ullamcorper@ametrisus.co.uk',16500222,8,19,22);
Insert into  CHECKIN (ID,TIPO,CONTACTO_EMERGENCIA,CORREO_CONTACTO_EMERGENCIA,TELEFONO_CONTACTO_EMERGENCIA,ID_ITINERARIO,ID_PASAJERO,ID_CIUDAD) values (10,'Virtual','Tamekah','nunc.id@purusMaecenas.edu',16880603,10,18,10);
Insert into  CHECKIN (ID,TIPO,CONTACTO_EMERGENCIA,CORREO_CONTACTO_EMERGENCIA,TELEFONO_CONTACTO_EMERGENCIA,ID_ITINERARIO,ID_PASAJERO,ID_CIUDAD) values (11,'Virtual','Patricia','Phasellus@ipsum.ca',16191105,11,31,21);
Insert into  CHECKIN (ID,TIPO,CONTACTO_EMERGENCIA,CORREO_CONTACTO_EMERGENCIA,TELEFONO_CONTACTO_EMERGENCIA,ID_ITINERARIO,ID_PASAJERO,ID_CIUDAD) values (12,'Virtual','Xantha','dis.parturient@Donec.net',16020118,12,32,42);
Insert into  CHECKIN (ID,TIPO,CONTACTO_EMERGENCIA,CORREO_CONTACTO_EMERGENCIA,TELEFONO_CONTACTO_EMERGENCIA,ID_ITINERARIO,ID_PASAJERO,ID_CIUDAD) values (13,'Fisico','Nigel','Aenean.eget.magna@tristiquesenectuset.co.uk',16770514,13,23,43);
Insert into  CHECKIN (ID,TIPO,CONTACTO_EMERGENCIA,CORREO_CONTACTO_EMERGENCIA,TELEFONO_CONTACTO_EMERGENCIA,ID_ITINERARIO,ID_PASAJERO,ID_CIUDAD) values (14,'Fisico','Fleur','Vestibulum@arcu.org',16521229,14,14,12);
Insert into  CHECKIN (ID,TIPO,CONTACTO_EMERGENCIA,CORREO_CONTACTO_EMERGENCIA,TELEFONO_CONTACTO_EMERGENCIA,ID_ITINERARIO,ID_PASAJERO,ID_CIUDAD) values (15,'Virtual','Linus','ullamcorper.viverra@leoCrasvehicula.edu',16720730,15,37,39);
Insert into  CHECKIN (ID,TIPO,CONTACTO_EMERGENCIA,CORREO_CONTACTO_EMERGENCIA,TELEFONO_CONTACTO_EMERGENCIA,ID_ITINERARIO,ID_PASAJERO,ID_CIUDAD) values (16,'Fisico','Neve','morbi.tristique@lorem.edu',16560711,9,16,49);
Insert into  CHECKIN (ID,TIPO,CONTACTO_EMERGENCIA,CORREO_CONTACTO_EMERGENCIA,TELEFONO_CONTACTO_EMERGENCIA,ID_ITINERARIO,ID_PASAJERO,ID_CIUDAD) values (17,'Fisico','Stephen','blandit.Nam.nulla@consectetuer.org',16120401,17,33,47);
Insert into  CHECKIN (ID,TIPO,CONTACTO_EMERGENCIA,CORREO_CONTACTO_EMERGENCIA,TELEFONO_CONTACTO_EMERGENCIA,ID_ITINERARIO,ID_PASAJERO,ID_CIUDAD) values (18,'Fisico','Len','Phasellus.vitae@ridiculus.org',16420620,18,1,18);
Insert into  CHECKIN (ID,TIPO,CONTACTO_EMERGENCIA,CORREO_CONTACTO_EMERGENCIA,TELEFONO_CONTACTO_EMERGENCIA,ID_ITINERARIO,ID_PASAJERO,ID_CIUDAD) values (19,'Fisico','Clayton','ornare.egestas@aliquamerosturpis.org',16260118,19,47,13);
Insert into  CHECKIN (ID,TIPO,CONTACTO_EMERGENCIA,CORREO_CONTACTO_EMERGENCIA,TELEFONO_CONTACTO_EMERGENCIA,ID_ITINERARIO,ID_PASAJERO,ID_CIUDAD) values (20,'Virtual','Juamchjit','juan@gmail.com',25556695,7,1,15);
Insert into  CHECKIN (ID,TIPO,CONTACTO_EMERGENCIA,CORREO_CONTACTO_EMERGENCIA,TELEFONO_CONTACTO_EMERGENCIA,ID_ITINERARIO,ID_PASAJERO,ID_CIUDAD) values (21,'Virtual','Juamchjit','juan@gmail.com',25556695,7,1,15);
Insert into  CHECKIN (ID,TIPO,CONTACTO_EMERGENCIA,CORREO_CONTACTO_EMERGENCIA,TELEFONO_CONTACTO_EMERGENCIA,ID_ITINERARIO,ID_PASAJERO,ID_CIUDAD) values (22,'Fisico','Claduia','CLAU@gmail.com',999999,7,1,15);
Insert into  CHECKIN (ID,TIPO,CONTACTO_EMERGENCIA,CORREO_CONTACTO_EMERGENCIA,TELEFONO_CONTACTO_EMERGENCIA,ID_ITINERARIO,ID_PASAJERO,ID_CIUDAD) values (23,'Virtual','Juamchjit','juan@gmail.com',25556695,1,1,10);
Insert into  CHECKIN (ID,TIPO,CONTACTO_EMERGENCIA,CORREO_CONTACTO_EMERGENCIA,TELEFONO_CONTACTO_EMERGENCIA,ID_ITINERARIO,ID_PASAJERO,ID_CIUDAD) values (24,'Fisico','Maria ','maria@gmail.com',3014856,1,1,10);
--CIUDADES
Insert into  CIUDADES (ID,NOMBRE,PAIS) values (1,'ARMENIA','COLOMBIA');
Insert into  CIUDADES (ID,NOMBRE,PAIS) values (2,'PUERTO ASIS','COLOMBIA');
Insert into  CIUDADES (ID,NOMBRE,PAIS) values (3,'EL BANCO','COLOMBIA');
Insert into  CIUDADES (ID,NOMBRE,PAIS) values (4,'BUCARAMANGA','COLOMBIA');
Insert into  CIUDADES (ID,NOMBRE,PAIS) values (5,'BOGOTA','COLOMBIA');
Insert into  CIUDADES (ID,NOMBRE,PAIS) values (6,'BARRANQUILLA','COLOMBIA');
Insert into  CIUDADES (ID,NOMBRE,PAIS) values (7,'BAHIA SOLANO','COLOMBIA');
Insert into  CIUDADES (ID,NOMBRE,PAIS) values (8,'BUENAVENTURA','COLOMBIA');
Insert into  CIUDADES (ID,NOMBRE,PAIS) values (9,'CUCUTA','COLOMBIA');
Insert into  CIUDADES (ID,NOMBRE,PAIS) values (10,'CONDOTO','COLOMBIA');
Insert into  CIUDADES (ID,NOMBRE,PAIS) values (11,'CARTAGENA','COLOMBIA');
Insert into  CIUDADES (ID,NOMBRE,PAIS) values (12,'CALI','COLOMBIA');
Insert into  CIUDADES (ID,NOMBRE,PAIS) values (13,'TUMACO','COLOMBIA');
Insert into  CIUDADES (ID,NOMBRE,PAIS) values (14,'COROZAL','COLOMBIA');
Insert into  CIUDADES (ID,NOMBRE,PAIS) values (15,'BARRANCABERMEJA','COLOMBIA');
Insert into  CIUDADES (ID,NOMBRE,PAIS) values (16,'FLORENCIA','COLOMBIA');
Insert into  CIUDADES (ID,NOMBRE,PAIS) values (17,'SAN FELIX','COLOMBIA');
Insert into  CIUDADES (ID,NOMBRE,PAIS) values (18,'GIRARDOT','COLOMBIA');
Insert into  CIUDADES (ID,NOMBRE,PAIS) values (19,'CARTAGO','COLOMBIA');
Insert into  CIUDADES (ID,NOMBRE,PAIS) values (20,'GUAPI','COLOMBIA');
Insert into  CIUDADES (ID,NOMBRE,PAIS) values (21,'GUAYMARAL','COLOMBIA');
Insert into  CIUDADES (ID,NOMBRE,PAIS) values (22,'IBAGUE','COLOMBIA');
Insert into  CIUDADES (ID,NOMBRE,PAIS) values (23,'IPIALES','COLOMBIA');
Insert into  CIUDADES (ID,NOMBRE,PAIS) values (24,'CAREPA','COLOMBIA');
Insert into  CIUDADES (ID,NOMBRE,PAIS) values (25,'LA MINA','COLOMBIA');
Insert into  CIUDADES (ID,NOMBRE,PAIS) values (26,'LETICIA','COLOMBIA');
Insert into  CIUDADES (ID,NOMBRE,PAIS) values (27,'MEDELLIN','COLOMBIA');
Insert into  CIUDADES (ID,NOMBRE,PAIS) values (28,'MAGANGUE','COLOMBIA');
Insert into  CIUDADES (ID,NOMBRE,PAIS) values (29,'MONTERIA','COLOMBIA');
Insert into  CIUDADES (ID,NOMBRE,PAIS) values (30,'MITU','COLOMBIA');
Insert into  CIUDADES (ID,NOMBRE,PAIS) values (31,'MANIZALES','COLOMBIA');
Insert into  CIUDADES (ID,NOMBRE,PAIS) values (32,'NEIVA','COLOMBIA');
Insert into  CIUDADES (ID,NOMBRE,PAIS) values (33,'OCANA','COLOMBIA');
Insert into  CIUDADES (ID,NOMBRE,PAIS) values (34,'OTU','COLOMBIA');
Insert into  CIUDADES (ID,NOMBRE,PAIS) values (35,'PUERTO BOLIVAR','COLOMBIA');
Insert into  CIUDADES (ID,NOMBRE,PAIS) values (36,'PUERTO CARRENO','COLOMBIA');
Insert into  CIUDADES (ID,NOMBRE,PAIS) values (37,'PEREIRA','COLOMBIA');
Insert into  CIUDADES (ID,NOMBRE,PAIS) values (38,'PITALITO','COLOMBIA');
Insert into  CIUDADES (ID,NOMBRE,PAIS) values (39,'POPAYAN','COLOMBIA');
Insert into  CIUDADES (ID,NOMBRE,PAIS) values (40,'PASTO','COLOMBIA');
Insert into  CIUDADES (ID,NOMBRE,PAIS) values (41,'PROVIDENCIA','COLOMBIA');
Insert into  CIUDADES (ID,NOMBRE,PAIS) values (42,'MARIQUITA','COLOMBIA');
Insert into  CIUDADES (ID,NOMBRE,PAIS) values (43,'RIO NEGRO','COLOMBIA');
Insert into  CIUDADES (ID,NOMBRE,PAIS) values (44,'RIO HACHA','COLOMBIA');
Insert into  CIUDADES (ID,NOMBRE,PAIS) values (45,'SARAVENA','COLOMBIA');
Insert into  CIUDADES (ID,NOMBRE,PAIS) values (46,'SAN JOSE DEL GUAVIARE','COLOMBIA');
Insert into  CIUDADES (ID,NOMBRE,PAIS) values (47,'SANTA MARTA','COLOMBIA');
Insert into  CIUDADES (ID,NOMBRE,PAIS) values (48,'SAN ANDRES ISLAND','COLOMBIA');
Insert into  CIUDADES (ID,NOMBRE,PAIS) values (49,'SAN VINCENTE DE CAGUAN','COLOMBIA');
Insert into  CIUDADES (ID,NOMBRE,PAIS) values (50,'TRINIDAD','COLOMBIA');
--EMPLEADOS
Insert into  EMPLEADOS (ID,TIPO,NOMBRES,APELLIDOS,SEXO,FECHA_NACIMIENTO,ANTIGUEDAD,FECHA_ULTIMO_ENTRENAMIENTO,DIRECCION,CORREO,CELULAR,ESTADO,HORAS_DESCANSO_ULTIMO_VUELO,ID_CIUDAD) values (1,'TCP','Joelle','Burns','Femenino','09-01-78                                          ',28,'07-24-17                                          ','721-8370 Est Rd.','turpis.In.condimentum@vulputaterisus.co.uk','3967050                                           ','Activo',3,10);
Insert into  EMPLEADOS (ID,TIPO,NOMBRES,APELLIDOS,SEXO,FECHA_NACIMIENTO,ANTIGUEDAD,FECHA_ULTIMO_ENTRENAMIENTO,DIRECCION,CORREO,CELULAR,ESTADO,HORAS_DESCANSO_ULTIMO_VUELO,ID_CIUDAD) values (2,'Piloto','Jameson','Carlson','Masculino','03-15-74                                          ',28,'07-29-18                                          ','481 A Street','amet@tellusloremeu.org','3189481                                           ','Activo',4,12);
Insert into  EMPLEADOS (ID,TIPO,NOMBRES,APELLIDOS,SEXO,FECHA_NACIMIENTO,ANTIGUEDAD,FECHA_ULTIMO_ENTRENAMIENTO,DIRECCION,CORREO,CELULAR,ESTADO,HORAS_DESCANSO_ULTIMO_VUELO,ID_CIUDAD) values (3,'TCP','Kaye','Sherman','Femenino','08-12-76                                          ',36,'11-30-17                                          ','P.O. Box 551, 6766 Sem Road','leo.Vivamus.nibh@laciniavitaesodales.org','3540073                                           ','Activo',10,23);
Insert into  EMPLEADOS (ID,TIPO,NOMBRES,APELLIDOS,SEXO,FECHA_NACIMIENTO,ANTIGUEDAD,FECHA_ULTIMO_ENTRENAMIENTO,DIRECCION,CORREO,CELULAR,ESTADO,HORAS_DESCANSO_ULTIMO_VUELO,ID_CIUDAD) values (4,'TCP','Bruce','Miller','Femenino','07-07-82                                          ',11,'01-28-18                                          ','756 Arcu. Road','Sed.malesuada@sagittislobortis.net','3831253                                           ','Inactivo',1,4);
Insert into  EMPLEADOS (ID,TIPO,NOMBRES,APELLIDOS,SEXO,FECHA_NACIMIENTO,ANTIGUEDAD,FECHA_ULTIMO_ENTRENAMIENTO,DIRECCION,CORREO,CELULAR,ESTADO,HORAS_DESCANSO_ULTIMO_VUELO,ID_CIUDAD) values (5,'Piloto','Wade','Sanders','Masculino','03-27-69                                          ',5,'10-01-18                                          ','P.O. Box 970, 4123 Nunc St.','lorem.ac.risus@ultriciesligulaNullam.ca','3379652                                           ','En_entrenamiento',7,5);
Insert into  EMPLEADOS (ID,TIPO,NOMBRES,APELLIDOS,SEXO,FECHA_NACIMIENTO,ANTIGUEDAD,FECHA_ULTIMO_ENTRENAMIENTO,DIRECCION,CORREO,CELULAR,ESTADO,HORAS_DESCANSO_ULTIMO_VUELO,ID_CIUDAD) values (6,'TCP','Geoffrey','Fulton','Masculino','07-19-17                                          ',34,'04-01-19                                          ','6469 Sed Rd.','sagittis@convallisligulaDonec.com','3191421                                           ','En_entrenamiento',6,5);
Insert into  EMPLEADOS (ID,TIPO,NOMBRES,APELLIDOS,SEXO,FECHA_NACIMIENTO,ANTIGUEDAD,FECHA_ULTIMO_ENTRENAMIENTO,DIRECCION,CORREO,CELULAR,ESTADO,HORAS_DESCANSO_ULTIMO_VUELO,ID_CIUDAD) values (7,'Piloto','Callum','Thornton','Femenino','07-04-14                                          ',32,'01-20-19                                          ','2835 Sed, Ave','auctor.odio.a@etrutrum.org','3029549                                           ','Despedido',2,7);
Insert into  EMPLEADOS (ID,TIPO,NOMBRES,APELLIDOS,SEXO,FECHA_NACIMIENTO,ANTIGUEDAD,FECHA_ULTIMO_ENTRENAMIENTO,DIRECCION,CORREO,CELULAR,ESTADO,HORAS_DESCANSO_ULTIMO_VUELO,ID_CIUDAD) values (8,'TCP','Minerva','Blevins','Masculino','12-25-06                                          ',16,'03-20-18                                          ','8870 Lobortis St.','ac.mattis.semper@Donec.ca','3905700                                           ','Vacaciones',3,5);
Insert into  EMPLEADOS (ID,TIPO,NOMBRES,APELLIDOS,SEXO,FECHA_NACIMIENTO,ANTIGUEDAD,FECHA_ULTIMO_ENTRENAMIENTO,DIRECCION,CORREO,CELULAR,ESTADO,HORAS_DESCANSO_ULTIMO_VUELO,ID_CIUDAD) values (9,'Piloto','Dahlia','Cash','Femenino','01-28-62                                          ',7,'09-18-18                                          ','380-7752 Fames Road','eget.varius.ultrices@eros.com','3607695                                           ','Licencia',5,19);
Insert into  EMPLEADOS (ID,TIPO,NOMBRES,APELLIDOS,SEXO,FECHA_NACIMIENTO,ANTIGUEDAD,FECHA_ULTIMO_ENTRENAMIENTO,DIRECCION,CORREO,CELULAR,ESTADO,HORAS_DESCANSO_ULTIMO_VUELO,ID_CIUDAD) values (10,'Piloto','Brittany','Lester','Femenino','12-30-06                                          ',30,'06-20-17                                          ','3126 Malesuada St.','Nulla.interdum@sit.net','3904349                                           ','Suspendido',12,10);
Insert into  EMPLEADOS (ID,TIPO,NOMBRES,APELLIDOS,SEXO,FECHA_NACIMIENTO,ANTIGUEDAD,FECHA_ULTIMO_ENTRENAMIENTO,DIRECCION,CORREO,CELULAR,ESTADO,HORAS_DESCANSO_ULTIMO_VUELO,ID_CIUDAD) values (11,'TCP','Carlos','Pruitt','Masculino','12-15-77                                          ',3,'02-03-18                                          ','900-7123 Mauris Road','tempus@aliquetodio.org','3873918                                           ','Suspendido',20,12);
Insert into  EMPLEADOS (ID,TIPO,NOMBRES,APELLIDOS,SEXO,FECHA_NACIMIENTO,ANTIGUEDAD,FECHA_ULTIMO_ENTRENAMIENTO,DIRECCION,CORREO,CELULAR,ESTADO,HORAS_DESCANSO_ULTIMO_VUELO,ID_CIUDAD) values (12,'TCP','Jameson','Dyer','Masculino','12-04-79                                          ',5,'01-24-19                                          ','P.O. Box 665, 4741 Vestibulum Street','euismod.enim.Etiam@Sed.net','3434809                                           ','Jubilado',30,12);
Insert into  EMPLEADOS (ID,TIPO,NOMBRES,APELLIDOS,SEXO,FECHA_NACIMIENTO,ANTIGUEDAD,FECHA_ULTIMO_ENTRENAMIENTO,DIRECCION,CORREO,CELULAR,ESTADO,HORAS_DESCANSO_ULTIMO_VUELO,ID_CIUDAD) values (13,'Piloto','Rowan','Gibbs','Femenino','09-24-92                                          ',27,'06-14-17                                          ','9913 Varius Street','lectus.pede@etultrices.edu','3316988                                           ','Activo',12,6);
Insert into  EMPLEADOS (ID,TIPO,NOMBRES,APELLIDOS,SEXO,FECHA_NACIMIENTO,ANTIGUEDAD,FECHA_ULTIMO_ENTRENAMIENTO,DIRECCION,CORREO,CELULAR,ESTADO,HORAS_DESCANSO_ULTIMO_VUELO,ID_CIUDAD) values (14,'TCP','Thor','Weiss','Femenino','11-25-82                                          ',11,'06-05-18                                          ','Ap #168-8872 Luctus Road','ac.nulla@arcuimperdiet.com','3254541                                           ','Inactivo',4,24);
Insert into  EMPLEADOS (ID,TIPO,NOMBRES,APELLIDOS,SEXO,FECHA_NACIMIENTO,ANTIGUEDAD,FECHA_ULTIMO_ENTRENAMIENTO,DIRECCION,CORREO,CELULAR,ESTADO,HORAS_DESCANSO_ULTIMO_VUELO,ID_CIUDAD) values (15,'TCP','Helen','Lamb','Femenino','05-24-95                                          ',8,'12-30-18                                          ','781-1541 Nisl. Ave','ante.dictum@Morbi.net','3738696                                           ','Vacaciones',5,25);
Insert into  EMPLEADOS (ID,TIPO,NOMBRES,APELLIDOS,SEXO,FECHA_NACIMIENTO,ANTIGUEDAD,FECHA_ULTIMO_ENTRENAMIENTO,DIRECCION,CORREO,CELULAR,ESTADO,HORAS_DESCANSO_ULTIMO_VUELO,ID_CIUDAD) values (16,'TCP','Bruce','Cain','Femenino','08-30-00                                          ',34,'06-12-18                                          ','P.O. Box 781, 320 Feugiat Street','Phasellus.nulla@elit.com','3020064                                           ','Inactivo',10,10);
Insert into  EMPLEADOS (ID,TIPO,NOMBRES,APELLIDOS,SEXO,FECHA_NACIMIENTO,ANTIGUEDAD,FECHA_ULTIMO_ENTRENAMIENTO,DIRECCION,CORREO,CELULAR,ESTADO,HORAS_DESCANSO_ULTIMO_VUELO,ID_CIUDAD) values (17,'TCP','Evelyn','Livingston','Masculino','06-20-68                                          ',23,'08-16-18                                          ','4886 Feugiat St.','accumsan@Maecenasmalesuada.ca','3505676                                           ','En_vuelo',23,14);
Insert into  EMPLEADOS (ID,TIPO,NOMBRES,APELLIDOS,SEXO,FECHA_NACIMIENTO,ANTIGUEDAD,FECHA_ULTIMO_ENTRENAMIENTO,DIRECCION,CORREO,CELULAR,ESTADO,HORAS_DESCANSO_ULTIMO_VUELO,ID_CIUDAD) values (18,'TCP','Vera','Nelson','Masculino','10-29-69                                          ',5,'03-19-19                                          ','247-5835 Facilisis. Av.','elit@dolor.org','3337862                                           ','Activo',4,10);
Insert into  EMPLEADOS (ID,TIPO,NOMBRES,APELLIDOS,SEXO,FECHA_NACIMIENTO,ANTIGUEDAD,FECHA_ULTIMO_ENTRENAMIENTO,DIRECCION,CORREO,CELULAR,ESTADO,HORAS_DESCANSO_ULTIMO_VUELO,ID_CIUDAD) values (19,'TCP','Todd','Lloyd','Femenino','07-06-86                                          ',40,'10-28-18                                          ','6688 Nunc Street','sem.vitae@egetmetuseu.org','3104993                                           ','Activo',12,10);
Insert into  EMPLEADOS (ID,TIPO,NOMBRES,APELLIDOS,SEXO,FECHA_NACIMIENTO,ANTIGUEDAD,FECHA_ULTIMO_ENTRENAMIENTO,DIRECCION,CORREO,CELULAR,ESTADO,HORAS_DESCANSO_ULTIMO_VUELO,ID_CIUDAD) values (20,'TCP','Zena','Gamble','Masculino','05-14-98                                          ',35,'01-20-19                                          ','253-6789 At Avenue','Nullam.suscipit@atnisiCum.net','3438566                                           ','Licencia',3,20);
Insert into  EMPLEADOS (ID,TIPO,NOMBRES,APELLIDOS,SEXO,FECHA_NACIMIENTO,ANTIGUEDAD,FECHA_ULTIMO_ENTRENAMIENTO,DIRECCION,CORREO,CELULAR,ESTADO,HORAS_DESCANSO_ULTIMO_VUELO,ID_CIUDAD) values (21,'Piloto','Shannon','Moore','Femenino','08-18-88                                          ',21,'10-19-18                                          ','P.O. Box 679, 8889 Dui. Avenue','ac.urna.Ut@morbitristique.co.uk','3103946                                           ','Jubilado',12,41);
Insert into  EMPLEADOS (ID,TIPO,NOMBRES,APELLIDOS,SEXO,FECHA_NACIMIENTO,ANTIGUEDAD,FECHA_ULTIMO_ENTRENAMIENTO,DIRECCION,CORREO,CELULAR,ESTADO,HORAS_DESCANSO_ULTIMO_VUELO,ID_CIUDAD) values (22,'TCP','Driscoll','Terry','Masculino','05-05-62                                          ',34,'04-12-18                                          ','P.O. Box 130, 995 Ridiculus Rd.','Integer@tempor.co.uk','3086805                                           ','Activo',3,22);
Insert into  EMPLEADOS (ID,TIPO,NOMBRES,APELLIDOS,SEXO,FECHA_NACIMIENTO,ANTIGUEDAD,FECHA_ULTIMO_ENTRENAMIENTO,DIRECCION,CORREO,CELULAR,ESTADO,HORAS_DESCANSO_ULTIMO_VUELO,ID_CIUDAD) values (23,'Piloto','Galvin','Reeves','Femenino','09-01-96                                          ',13,'01-15-18                                          ','1205 Semper Av.','Aenean.egestas@nullaCraseu.com','3343978                                           ','En_entrenamiento',2,23);
Insert into  EMPLEADOS (ID,TIPO,NOMBRES,APELLIDOS,SEXO,FECHA_NACIMIENTO,ANTIGUEDAD,FECHA_ULTIMO_ENTRENAMIENTO,DIRECCION,CORREO,CELULAR,ESTADO,HORAS_DESCANSO_ULTIMO_VUELO,ID_CIUDAD) values (24,'Piloto','Jolene','Aguirre','Femenino','08-06-74                                          ',22,'10-07-18                                          ','267 Sollicitudin Av.','ullamcorper.eu.euismod@enimnectempus.ca','3861801                                           ','Jubilado',7,14);
Insert into  EMPLEADOS (ID,TIPO,NOMBRES,APELLIDOS,SEXO,FECHA_NACIMIENTO,ANTIGUEDAD,FECHA_ULTIMO_ENTRENAMIENTO,DIRECCION,CORREO,CELULAR,ESTADO,HORAS_DESCANSO_ULTIMO_VUELO,ID_CIUDAD) values (25,'TCP','Lucius','Gonzales','Femenino','06-02-10                                          ',10,'02-14-18                                          ','6295 Proin St.','auctor.velit@variusorci.org','3049404                                           ','Despedido',12,15);
Insert into  EMPLEADOS (ID,TIPO,NOMBRES,APELLIDOS,SEXO,FECHA_NACIMIENTO,ANTIGUEDAD,FECHA_ULTIMO_ENTRENAMIENTO,DIRECCION,CORREO,CELULAR,ESTADO,HORAS_DESCANSO_ULTIMO_VUELO,ID_CIUDAD) values (26,'TCP','Yeo','Underwood','Femenino','09-28-10                                          ',21,'07-17-17                                          ','P.O. Box 852, 989 Tellus Av.','pede.nonummy@variusultrices.org','3739742                                           ','En_vuelo',4,16);
Insert into  EMPLEADOS (ID,TIPO,NOMBRES,APELLIDOS,SEXO,FECHA_NACIMIENTO,ANTIGUEDAD,FECHA_ULTIMO_ENTRENAMIENTO,DIRECCION,CORREO,CELULAR,ESTADO,HORAS_DESCANSO_ULTIMO_VUELO,ID_CIUDAD) values (27,'Piloto','Xantha','Sheppard','Femenino','10-21-14                                          ',25,'09-20-18                                          ','Ap #729-578 Ultrices St.','Maecenas.iaculis@insodales.co.uk','3236172                                           ','En_entrenamiento',21,27);
Insert into  EMPLEADOS (ID,TIPO,NOMBRES,APELLIDOS,SEXO,FECHA_NACIMIENTO,ANTIGUEDAD,FECHA_ULTIMO_ENTRENAMIENTO,DIRECCION,CORREO,CELULAR,ESTADO,HORAS_DESCANSO_ULTIMO_VUELO,ID_CIUDAD) values (28,'TCP','Larissa','Mcclure','Masculino','03-30-86                                          ',26,'01-24-19                                          ','P.O. Box 435, 2233 Leo St.','Fusce.diam.nunc@egestasblandit.com','3262739                                           ','Activo',3,28);
Insert into  EMPLEADOS (ID,TIPO,NOMBRES,APELLIDOS,SEXO,FECHA_NACIMIENTO,ANTIGUEDAD,FECHA_ULTIMO_ENTRENAMIENTO,DIRECCION,CORREO,CELULAR,ESTADO,HORAS_DESCANSO_ULTIMO_VUELO,ID_CIUDAD) values (29,'TCP','Germaine','Martinez','Femenino','05-11-88                                          ',8,'05-13-17                                          ','3701 Vel, Rd.','quam@commodo.edu','3616120                                           ','Jubilado',2,19);
Insert into  EMPLEADOS (ID,TIPO,NOMBRES,APELLIDOS,SEXO,FECHA_NACIMIENTO,ANTIGUEDAD,FECHA_ULTIMO_ENTRENAMIENTO,DIRECCION,CORREO,CELULAR,ESTADO,HORAS_DESCANSO_ULTIMO_VUELO,ID_CIUDAD) values (30,'Piloto','Jerome','Monroe','Femenino','04-08-88                                          ',16,'08-22-18                                          ','7239 Commodo Av.','auctor@Inscelerisque.edu','3956524                                           ','En_entrenamiento',12,30);
Insert into  EMPLEADOS (ID,TIPO,NOMBRES,APELLIDOS,SEXO,FECHA_NACIMIENTO,ANTIGUEDAD,FECHA_ULTIMO_ENTRENAMIENTO,DIRECCION,CORREO,CELULAR,ESTADO,HORAS_DESCANSO_ULTIMO_VUELO,ID_CIUDAD) values (31,'TCP','Anthony','Summers','Femenino','05-06-89                                          ',13,'11-21-17                                          ','853-1753 Magnis Rd.','et.risus.Quisque@cursus.ca','3471237                                           ','Despedido',6,31);
Insert into  EMPLEADOS (ID,TIPO,NOMBRES,APELLIDOS,SEXO,FECHA_NACIMIENTO,ANTIGUEDAD,FECHA_ULTIMO_ENTRENAMIENTO,DIRECCION,CORREO,CELULAR,ESTADO,HORAS_DESCANSO_ULTIMO_VUELO,ID_CIUDAD) values (32,'TCP','Desirae','Cooley','Masculino','08-02-85                                          ',16,'10-24-18                                          ','870-5036 Vitae, Av.','magna@Phasellusat.ca','3593175                                           ','Despedido',4,32);
Insert into  EMPLEADOS (ID,TIPO,NOMBRES,APELLIDOS,SEXO,FECHA_NACIMIENTO,ANTIGUEDAD,FECHA_ULTIMO_ENTRENAMIENTO,DIRECCION,CORREO,CELULAR,ESTADO,HORAS_DESCANSO_ULTIMO_VUELO,ID_CIUDAD) values (33,'TCP','Bree','Brennan','Femenino','04-21-57                                          ',27,'08-21-18                                          ','541 Urna St.','velit@Nunc.edu','3180783                                           ','Despedido',6,33);
Insert into  EMPLEADOS (ID,TIPO,NOMBRES,APELLIDOS,SEXO,FECHA_NACIMIENTO,ANTIGUEDAD,FECHA_ULTIMO_ENTRENAMIENTO,DIRECCION,CORREO,CELULAR,ESTADO,HORAS_DESCANSO_ULTIMO_VUELO,ID_CIUDAD) values (34,'Piloto','Joseph','Whitaker','Masculino','11-22-12                                          ',20,'04-03-18                                          ','2803 Est, Rd.','gravida.sagittis@Lorem.com','3874268                                           ','Inactivo',8,34);
Insert into  EMPLEADOS (ID,TIPO,NOMBRES,APELLIDOS,SEXO,FECHA_NACIMIENTO,ANTIGUEDAD,FECHA_ULTIMO_ENTRENAMIENTO,DIRECCION,CORREO,CELULAR,ESTADO,HORAS_DESCANSO_ULTIMO_VUELO,ID_CIUDAD) values (35,'TCP','Joel','Suarez','Femenino','09-24-53                                          ',13,'03-11-18                                          ','7406 Odio. Avenue','dictum@risusDuis.net','3317670                                           ','Suspendido',3,15);
Insert into  EMPLEADOS (ID,TIPO,NOMBRES,APELLIDOS,SEXO,FECHA_NACIMIENTO,ANTIGUEDAD,FECHA_ULTIMO_ENTRENAMIENTO,DIRECCION,CORREO,CELULAR,ESTADO,HORAS_DESCANSO_ULTIMO_VUELO,ID_CIUDAD) values (36,'Piloto','Kelsie','Hodges','Masculino','10-14-63                                          ',8,'04-23-17                                          ','P.O. Box 710, 4474 Nullam St.','dictum.cursus.Nunc@etnetus.org','3639861                                           ','Jubilado',6,6);
Insert into  EMPLEADOS (ID,TIPO,NOMBRES,APELLIDOS,SEXO,FECHA_NACIMIENTO,ANTIGUEDAD,FECHA_ULTIMO_ENTRENAMIENTO,DIRECCION,CORREO,CELULAR,ESTADO,HORAS_DESCANSO_ULTIMO_VUELO,ID_CIUDAD) values (37,'TCP','Janna','Norman','Femenino','08-17-84                                          ',27,'05-26-18                                          ','Ap #774-4059 Luctus, Av.','mauris.Integer.sem@Nullam.net','3745179                                           ','Suspendido',9,37);
Insert into  EMPLEADOS (ID,TIPO,NOMBRES,APELLIDOS,SEXO,FECHA_NACIMIENTO,ANTIGUEDAD,FECHA_ULTIMO_ENTRENAMIENTO,DIRECCION,CORREO,CELULAR,ESTADO,HORAS_DESCANSO_ULTIMO_VUELO,ID_CIUDAD) values (38,'TCP','Martena','Hewitt','Masculino','02-05-56                                          ',25,'01-01-19                                          ','792-8812 Quisque St.','nibh.vulputate.mauris@natoquepenatibuset.org','3072984                                           ','Jubilado',3,38);
Insert into  EMPLEADOS (ID,TIPO,NOMBRES,APELLIDOS,SEXO,FECHA_NACIMIENTO,ANTIGUEDAD,FECHA_ULTIMO_ENTRENAMIENTO,DIRECCION,CORREO,CELULAR,ESTADO,HORAS_DESCANSO_ULTIMO_VUELO,ID_CIUDAD) values (39,'TCP','Amity','Hernandez','Masculino','01-05-06                                          ',15,'05-12-17                                          ','400-3168 Quam. Av.','Maecenas@lectusconvallisest.com','3513128                                           ','En_entrenamiento',8,39);
Insert into  EMPLEADOS (ID,TIPO,NOMBRES,APELLIDOS,SEXO,FECHA_NACIMIENTO,ANTIGUEDAD,FECHA_ULTIMO_ENTRENAMIENTO,DIRECCION,CORREO,CELULAR,ESTADO,HORAS_DESCANSO_ULTIMO_VUELO,ID_CIUDAD) values (40,'Piloto','Robert','Fuller','Masculino','07-02-99                                          ',6,'09-09-18                                          ','2862 Leo. Avenue','libero@magnatellusfaucibus.co.uk','3220869                                           ','Jubilado',3,44);
Insert into  EMPLEADOS (ID,TIPO,NOMBRES,APELLIDOS,SEXO,FECHA_NACIMIENTO,ANTIGUEDAD,FECHA_ULTIMO_ENTRENAMIENTO,DIRECCION,CORREO,CELULAR,ESTADO,HORAS_DESCANSO_ULTIMO_VUELO,ID_CIUDAD) values (41,'TCP','Anjolie','Larsen','Masculino','06-09-98                                          ',9,'10-09-18                                          ','7302 Rutrum St.','Cras@duiquis.edu','3936257                                           ','Activo',3,10);
Insert into  EMPLEADOS (ID,TIPO,NOMBRES,APELLIDOS,SEXO,FECHA_NACIMIENTO,ANTIGUEDAD,FECHA_ULTIMO_ENTRENAMIENTO,DIRECCION,CORREO,CELULAR,ESTADO,HORAS_DESCANSO_ULTIMO_VUELO,ID_CIUDAD) values (42,'Piloto','Kibo','Avila','Femenino','05-26-56                                          ',13,'07-13-18                                          ','Ap #440-1367 Vulputate Street','tempus@consectetueradipiscingelit.com','3433059                                           ','Inactivo',7,1);
Insert into  EMPLEADOS (ID,TIPO,NOMBRES,APELLIDOS,SEXO,FECHA_NACIMIENTO,ANTIGUEDAD,FECHA_ULTIMO_ENTRENAMIENTO,DIRECCION,CORREO,CELULAR,ESTADO,HORAS_DESCANSO_ULTIMO_VUELO,ID_CIUDAD) values (43,'TCP','Sonya','Black','Masculino','01-14-15                                          ',7,'01-16-18                                          ','333-3835 Dictum Street','Nullam@parturient.net','3790555                                           ','Licencia',12,3);
Insert into  EMPLEADOS (ID,TIPO,NOMBRES,APELLIDOS,SEXO,FECHA_NACIMIENTO,ANTIGUEDAD,FECHA_ULTIMO_ENTRENAMIENTO,DIRECCION,CORREO,CELULAR,ESTADO,HORAS_DESCANSO_ULTIMO_VUELO,ID_CIUDAD) values (44,'TCP','Dawn','Mcdaniel','Femenino','06-07-83                                          ',17,'12-11-17                                          ','P.O. Box 233, 9780 Lorem, Avenue','dictum@adlitoratorquent.com','3287054                                           ','Vacaciones',7,14);
Insert into  EMPLEADOS (ID,TIPO,NOMBRES,APELLIDOS,SEXO,FECHA_NACIMIENTO,ANTIGUEDAD,FECHA_ULTIMO_ENTRENAMIENTO,DIRECCION,CORREO,CELULAR,ESTADO,HORAS_DESCANSO_ULTIMO_VUELO,ID_CIUDAD) values (45,'Piloto','Adara','Guzman','Masculino','02-08-64                                          ',15,'06-20-17                                          ','9980 Est, Ave','Nunc.laoreet.lectus@risus.co.uk','3146574                                           ','Activo',3,10);
Insert into  EMPLEADOS (ID,TIPO,NOMBRES,APELLIDOS,SEXO,FECHA_NACIMIENTO,ANTIGUEDAD,FECHA_ULTIMO_ENTRENAMIENTO,DIRECCION,CORREO,CELULAR,ESTADO,HORAS_DESCANSO_ULTIMO_VUELO,ID_CIUDAD) values (46,'Piloto','Daryl','Tate','Femenino','03-02-61                                          ',17,'02-17-19                                          ','P.O. Box 622, 5720 Et Avenue','eu.dolor@malesuadaid.ca','3332065                                           ','Suspendido',9,26);
Insert into  EMPLEADOS (ID,TIPO,NOMBRES,APELLIDOS,SEXO,FECHA_NACIMIENTO,ANTIGUEDAD,FECHA_ULTIMO_ENTRENAMIENTO,DIRECCION,CORREO,CELULAR,ESTADO,HORAS_DESCANSO_ULTIMO_VUELO,ID_CIUDAD) values (47,'TCP','Zahir','Nielsen','Femenino','06-02-63                                          ',39,'03-07-19                                          ','Ap #313-8543 Egestas St.','a@nec.edu','3152700                                           ','Inactivo',3,47);
Insert into  EMPLEADOS (ID,TIPO,NOMBRES,APELLIDOS,SEXO,FECHA_NACIMIENTO,ANTIGUEDAD,FECHA_ULTIMO_ENTRENAMIENTO,DIRECCION,CORREO,CELULAR,ESTADO,HORAS_DESCANSO_ULTIMO_VUELO,ID_CIUDAD) values (48,'Piloto','Magee','Vincent','Masculino','01-26-67                                          ',4,'01-29-18                                          ','446-3191 At, Street','nisl@Duis.org','3813259                                           ','Activo',8,48);
Insert into  EMPLEADOS (ID,TIPO,NOMBRES,APELLIDOS,SEXO,FECHA_NACIMIENTO,ANTIGUEDAD,FECHA_ULTIMO_ENTRENAMIENTO,DIRECCION,CORREO,CELULAR,ESTADO,HORAS_DESCANSO_ULTIMO_VUELO,ID_CIUDAD) values (49,'Piloto','Dante','Boone','Femenino','11-03-07                                          ',39,'11-11-18                                          ','P.O. Box 540, 9662 Donec Rd.','interdum.Nunc.sollicitudin@nonummyacfeugiat.org','3821605                                           ','En_vuelo',9,49);
Insert into  EMPLEADOS (ID,TIPO,NOMBRES,APELLIDOS,SEXO,FECHA_NACIMIENTO,ANTIGUEDAD,FECHA_ULTIMO_ENTRENAMIENTO,DIRECCION,CORREO,CELULAR,ESTADO,HORAS_DESCANSO_ULTIMO_VUELO,ID_CIUDAD) values (50,'Piloto','Kasper','Russell','Masculino','08-16-07                                          ',36,'07-10-17                                          ','2569 Magnis Rd.','purus@enim.edu','3612990                                           ','Activo',3,10);
Insert into  EMPLEADOS (ID,TIPO,NOMBRES,APELLIDOS,SEXO,FECHA_NACIMIENTO,ANTIGUEDAD,FECHA_ULTIMO_ENTRENAMIENTO,DIRECCION,CORREO,CELULAR,ESTADO,HORAS_DESCANSO_ULTIMO_VUELO,ID_CIUDAD) values (51,'TCP','Jose','Bernal','Masculino','08-16-82                                          ',5,'07-02-17                                          ','Calle 5 # 31-04','joB@hotmail.com','31458879                                          ','Activo',5,10);
Insert into  EMPLEADOS (ID,TIPO,NOMBRES,APELLIDOS,SEXO,FECHA_NACIMIENTO,ANTIGUEDAD,FECHA_ULTIMO_ENTRENAMIENTO,DIRECCION,CORREO,CELULAR,ESTADO,HORAS_DESCANSO_ULTIMO_VUELO,ID_CIUDAD) values (52,'Piloto','Maria ','Alzate','Femenino','07-08-89                                          ',3,'07-01-17                                          ','Calle 56 # 31-05','mia@hotmail.com','31785698                                          ','Activo',11,50);
--ITINERARIOS
Insert into  ITINERARIOS (ID,HORA_ESTIMADA_SALIDA,HORA_REAL_SALIDA,ESTADO,TOTAL_PASAJEROS_PRIMERACLASE,TOTAL_PASAJEROS_CLASEECONOMICA,DURACION_REAL,HORA_ESTIMADA_LLEGADA,HORA_REAL_LLEGADA,ID_VUELO,ID_PILOTO,ID_COPILOTO,ID_AVION) values (1,to_timestamp('19-MAY-18 05.14.00.742000000 PM','DD-MON-RR HH.MI.SSXFF AM'),null,'Programado',1,0,2,to_timestamp('19-MAY-18 07.00.04.497000000 PM','DD-MON-RR HH.MI.SSXFF AM'),null,4,null,null,9);
Insert into  ITINERARIOS (ID,HORA_ESTIMADA_SALIDA,HORA_REAL_SALIDA,ESTADO,TOTAL_PASAJEROS_PRIMERACLASE,TOTAL_PASAJEROS_CLASEECONOMICA,DURACION_REAL,HORA_ESTIMADA_LLEGADA,HORA_REAL_LLEGADA,ID_VUELO,ID_PILOTO,ID_COPILOTO,ID_AVION) values (2,to_timestamp('19-MAY-18 03.30.36.544000000 PM','DD-MON-RR HH.MI.SSXFF AM'),to_timestamp('19-MAY-18 03.40.36.544000000 PM','DD-MON-RR HH.MI.SSXFF AM'),'Aterrizado',25,15,2,to_timestamp('19-MAY-18 04.49.36.544000000 PM','DD-MON-RR HH.MI.SSXFF AM'),to_timestamp('19-MAY-18 04.55.36.544000000 PM','DD-MON-RR HH.MI.SSXFF AM'),6,1,2,9);
Insert into  ITINERARIOS (ID,HORA_ESTIMADA_SALIDA,HORA_REAL_SALIDA,ESTADO,TOTAL_PASAJEROS_PRIMERACLASE,TOTAL_PASAJEROS_CLASEECONOMICA,DURACION_REAL,HORA_ESTIMADA_LLEGADA,HORA_REAL_LLEGADA,ID_VUELO,ID_PILOTO,ID_COPILOTO,ID_AVION) values (3,to_timestamp('19-MAY-18 03.56.36.544000000 PM','DD-MON-RR HH.MI.SSXFF AM'),to_timestamp('19-MAY-18 03.59.36.544000000 PM','DD-MON-RR HH.MI.SSXFF AM'),'Aterrizado',10,80,1,to_timestamp('19-MAY-18 04.56.36.544000000 PM','DD-MON-RR HH.MI.SSXFF AM'),to_timestamp('19-MAY-18 04.59.36.544000000 PM','DD-MON-RR HH.MI.SSXFF AM'),51,1,2,7);
Insert into  ITINERARIOS (ID,HORA_ESTIMADA_SALIDA,HORA_REAL_SALIDA,ESTADO,TOTAL_PASAJEROS_PRIMERACLASE,TOTAL_PASAJEROS_CLASEECONOMICA,DURACION_REAL,HORA_ESTIMADA_LLEGADA,HORA_REAL_LLEGADA,ID_VUELO,ID_PILOTO,ID_COPILOTO,ID_AVION) values (4,to_timestamp('24-MAY-18 02.00.00.000000000 AM','DD-MON-RR HH.MI.SSXFF AM'),null,'Programado',null,null,2,to_timestamp('24-MAY-18 04.00.00.000000000 AM','DD-MON-RR HH.MI.SSXFF AM'),null,48,null,null,null);
Insert into  ITINERARIOS (ID,HORA_ESTIMADA_SALIDA,HORA_REAL_SALIDA,ESTADO,TOTAL_PASAJEROS_PRIMERACLASE,TOTAL_PASAJEROS_CLASEECONOMICA,DURACION_REAL,HORA_ESTIMADA_LLEGADA,HORA_REAL_LLEGADA,ID_VUELO,ID_PILOTO,ID_COPILOTO,ID_AVION) values (5,to_timestamp('24-MAY-18 04.00.05.653000000 PM','DD-MON-RR HH.MI.SSXFF AM'),null,'Programado',null,null,3,to_timestamp('24-MAY-18 07.00.21.277000000 PM','DD-MON-RR HH.MI.SSXFF AM'),null,5,null,null,null);
Insert into  ITINERARIOS (ID,HORA_ESTIMADA_SALIDA,HORA_REAL_SALIDA,ESTADO,TOTAL_PASAJEROS_PRIMERACLASE,TOTAL_PASAJEROS_CLASEECONOMICA,DURACION_REAL,HORA_ESTIMADA_LLEGADA,HORA_REAL_LLEGADA,ID_VUELO,ID_PILOTO,ID_COPILOTO,ID_AVION) values (6,to_timestamp('30-MAY-18 01.00.00.000000000 AM','DD-MON-RR HH.MI.SSXFF AM'),null,'Programado',null,null,1,to_timestamp('30-MAY-18 02.00.00.000000000 AM','DD-MON-RR HH.MI.SSXFF AM'),null,6,null,null,null);
Insert into  ITINERARIOS (ID,HORA_ESTIMADA_SALIDA,HORA_REAL_SALIDA,ESTADO,TOTAL_PASAJEROS_PRIMERACLASE,TOTAL_PASAJEROS_CLASEECONOMICA,DURACION_REAL,HORA_ESTIMADA_LLEGADA,HORA_REAL_LLEGADA,ID_VUELO,ID_PILOTO,ID_COPILOTO,ID_AVION) values (7,to_timestamp('22-MAY-18 06.00.00.000000000 AM','DD-MON-RR HH.MI.SSXFF AM'),null,'Programado',1,2,3,to_timestamp('22-MAY-18 09.00.00.000000000 AM','DD-MON-RR HH.MI.SSXFF AM'),null,8,null,null,null);
Insert into  ITINERARIOS (ID,HORA_ESTIMADA_SALIDA,HORA_REAL_SALIDA,ESTADO,TOTAL_PASAJEROS_PRIMERACLASE,TOTAL_PASAJEROS_CLASEECONOMICA,DURACION_REAL,HORA_ESTIMADA_LLEGADA,HORA_REAL_LLEGADA,ID_VUELO,ID_PILOTO,ID_COPILOTO,ID_AVION) values (8,to_timestamp('19-MAY-18 07.00.00.000000000 AM','DD-MON-RR HH.MI.SSXFF AM'),null,'Programado',null,null,1,to_timestamp('19-MAY-18 08.00.00.000000000 AM','DD-MON-RR HH.MI.SSXFF AM'),null,12,null,null,null);
Insert into  ITINERARIOS (ID,HORA_ESTIMADA_SALIDA,HORA_REAL_SALIDA,ESTADO,TOTAL_PASAJEROS_PRIMERACLASE,TOTAL_PASAJEROS_CLASEECONOMICA,DURACION_REAL,HORA_ESTIMADA_LLEGADA,HORA_REAL_LLEGADA,ID_VUELO,ID_PILOTO,ID_COPILOTO,ID_AVION) values (9,to_timestamp('31-MAY-18 10.00.00.000000000 AM','DD-MON-RR HH.MI.SSXFF AM'),null,'Cancelado',null,null,4,to_timestamp('31-MAY-18 02.00.00.000000000 PM','DD-MON-RR HH.MI.SSXFF AM'),null,3,null,null,null);
Insert into  ITINERARIOS (ID,HORA_ESTIMADA_SALIDA,HORA_REAL_SALIDA,ESTADO,TOTAL_PASAJEROS_PRIMERACLASE,TOTAL_PASAJEROS_CLASEECONOMICA,DURACION_REAL,HORA_ESTIMADA_LLEGADA,HORA_REAL_LLEGADA,ID_VUELO,ID_PILOTO,ID_COPILOTO,ID_AVION) values (10,to_timestamp('25-MAY-18 05.00.00.668000000 PM','DD-MON-RR HH.MI.SSXFF AM'),to_timestamp('25-MAY-18 05.00.00.668000000 PM','DD-MON-RR HH.MI.SSXFF AM'),'En_vuelo',10,69,1,to_timestamp('25-MAY-18 06.00.00.246000000 PM','DD-MON-RR HH.MI.SSXFF AM'),null,10,null,null,null);
Insert into  ITINERARIOS (ID,HORA_ESTIMADA_SALIDA,HORA_REAL_SALIDA,ESTADO,TOTAL_PASAJEROS_PRIMERACLASE,TOTAL_PASAJEROS_CLASEECONOMICA,DURACION_REAL,HORA_ESTIMADA_LLEGADA,HORA_REAL_LLEGADA,ID_VUELO,ID_PILOTO,ID_COPILOTO,ID_AVION) values (11,to_timestamp('26-MAY-18 08.00.00.747000000 AM','DD-MON-RR HH.MI.SSXFF AM'),null,'Programado',null,null,2,to_timestamp('26-MAY-18 10.00.00.747000000 AM','DD-MON-RR HH.MI.SSXFF AM'),null,11,null,null,null);
Insert into  ITINERARIOS (ID,HORA_ESTIMADA_SALIDA,HORA_REAL_SALIDA,ESTADO,TOTAL_PASAJEROS_PRIMERACLASE,TOTAL_PASAJEROS_CLASEECONOMICA,DURACION_REAL,HORA_ESTIMADA_LLEGADA,HORA_REAL_LLEGADA,ID_VUELO,ID_PILOTO,ID_COPILOTO,ID_AVION) values (12,to_timestamp('19-MAY-18 05.00.00.310000000 PM','DD-MON-RR HH.MI.SSXFF AM'),to_timestamp('19-MAY-18 05.10.00.310000000 PM','DD-MON-RR HH.MI.SSXFF AM'),'En_vuelo',12,81,3,to_timestamp('19-MAY-18 08.00.00.310000000 PM','DD-MON-RR HH.MI.SSXFF AM'),null,12,null,null,null);
Insert into  ITINERARIOS (ID,HORA_ESTIMADA_SALIDA,HORA_REAL_SALIDA,ESTADO,TOTAL_PASAJEROS_PRIMERACLASE,TOTAL_PASAJEROS_CLASEECONOMICA,DURACION_REAL,HORA_ESTIMADA_LLEGADA,HORA_REAL_LLEGADA,ID_VUELO,ID_PILOTO,ID_COPILOTO,ID_AVION) values (13,to_timestamp('19-MAY-18 04.14.00.742000000 PM','DD-MON-RR HH.MI.SSXFF AM'),to_timestamp('19-MAY-18 04.19.00.742000000 PM','DD-MON-RR HH.MI.SSXFF AM'),'Aterrizado',13,56,1,to_timestamp('19-MAY-18 05.08.00.742000000 PM','DD-MON-RR HH.MI.SSXFF AM'),to_timestamp('19-MAY-18 05.11.00.742000000 PM','DD-MON-RR HH.MI.SSXFF AM'),26,1,2,19);
Insert into  ITINERARIOS (ID,HORA_ESTIMADA_SALIDA,HORA_REAL_SALIDA,ESTADO,TOTAL_PASAJEROS_PRIMERACLASE,TOTAL_PASAJEROS_CLASEECONOMICA,DURACION_REAL,HORA_ESTIMADA_LLEGADA,HORA_REAL_LLEGADA,ID_VUELO,ID_PILOTO,ID_COPILOTO,ID_AVION) values (14,to_timestamp('28-MAY-18 12.00.10.000000000 PM','DD-MON-RR HH.MI.SSXFF AM'),null,'Programado',null,null,5,to_timestamp('28-MAY-18 05.00.10.000000000 PM','DD-MON-RR HH.MI.SSXFF AM'),null,4,null,null,null);
Insert into  ITINERARIOS (ID,HORA_ESTIMADA_SALIDA,HORA_REAL_SALIDA,ESTADO,TOTAL_PASAJEROS_PRIMERACLASE,TOTAL_PASAJEROS_CLASEECONOMICA,DURACION_REAL,HORA_ESTIMADA_LLEGADA,HORA_REAL_LLEGADA,ID_VUELO,ID_PILOTO,ID_COPILOTO,ID_AVION) values (15,to_timestamp('27-MAY-18 12.00.00.000000000 AM','DD-MON-RR HH.MI.SSXFF AM'),null,'Programado',null,null,1,to_timestamp('27-MAY-18 01.00.00.000000000 PM','DD-MON-RR HH.MI.SSXFF AM'),null,17,null,null,null);
Insert into  ITINERARIOS (ID,HORA_ESTIMADA_SALIDA,HORA_REAL_SALIDA,ESTADO,TOTAL_PASAJEROS_PRIMERACLASE,TOTAL_PASAJEROS_CLASEECONOMICA,DURACION_REAL,HORA_ESTIMADA_LLEGADA,HORA_REAL_LLEGADA,ID_VUELO,ID_PILOTO,ID_COPILOTO,ID_AVION) values (16,to_timestamp('30-MAY-18 12.00.00.000000000 AM','DD-MON-RR HH.MI.SSXFF AM'),to_timestamp('30-MAY-18 12.00.00.000000000 AM','DD-MON-RR HH.MI.SSXFF AM'),'En_vuelo',16,62,1,to_timestamp('30-MAY-18 01.00.00.000000000 AM','DD-MON-RR HH.MI.SSXFF AM'),null,16,null,null,null);
Insert into  ITINERARIOS (ID,HORA_ESTIMADA_SALIDA,HORA_REAL_SALIDA,ESTADO,TOTAL_PASAJEROS_PRIMERACLASE,TOTAL_PASAJEROS_CLASEECONOMICA,DURACION_REAL,HORA_ESTIMADA_LLEGADA,HORA_REAL_LLEGADA,ID_VUELO,ID_PILOTO,ID_COPILOTO,ID_AVION) values (17,to_timestamp('28-MAY-18 04.00.10.000000000 PM','DD-MON-RR HH.MI.SSXFF AM'),to_timestamp('28-MAY-18 04.05.10.000000000 PM','DD-MON-RR HH.MI.SSXFF AM'),'En_vuelo',17,58,4,to_timestamp('28-MAY-18 08.00.10.000000000 PM','DD-MON-RR HH.MI.SSXFF AM'),null,17,null,null,null);
Insert into  ITINERARIOS (ID,HORA_ESTIMADA_SALIDA,HORA_REAL_SALIDA,ESTADO,TOTAL_PASAJEROS_PRIMERACLASE,TOTAL_PASAJEROS_CLASEECONOMICA,DURACION_REAL,HORA_ESTIMADA_LLEGADA,HORA_REAL_LLEGADA,ID_VUELO,ID_PILOTO,ID_COPILOTO,ID_AVION) values (18,to_timestamp('19-MAY-18 12.13.14.481000000 PM','DD-MON-RR HH.MI.SSXFF AM'),to_timestamp('19-MAY-18 12.18.14.481000000 PM','DD-MON-RR HH.MI.SSXFF AM'),'En_vuelo',18,46,2,to_timestamp('19-MAY-18 02.13.38.309000000 PM','DD-MON-RR HH.MI.SSXFF AM'),null,18,null,null,null);
Insert into  ITINERARIOS (ID,HORA_ESTIMADA_SALIDA,HORA_REAL_SALIDA,ESTADO,TOTAL_PASAJEROS_PRIMERACLASE,TOTAL_PASAJEROS_CLASEECONOMICA,DURACION_REAL,HORA_ESTIMADA_LLEGADA,HORA_REAL_LLEGADA,ID_VUELO,ID_PILOTO,ID_COPILOTO,ID_AVION) values (19,to_timestamp('25-MAY-18 05.13.55.887000000 PM','DD-MON-RR HH.MI.SSXFF AM'),null,'Programado',19,71,2,to_timestamp('25-MAY-18 07.13.55.887000000 PM','DD-MON-RR HH.MI.SSXFF AM'),null,19,null,null,null);
Insert into  ITINERARIOS (ID,HORA_ESTIMADA_SALIDA,HORA_REAL_SALIDA,ESTADO,TOTAL_PASAJEROS_PRIMERACLASE,TOTAL_PASAJEROS_CLASEECONOMICA,DURACION_REAL,HORA_ESTIMADA_LLEGADA,HORA_REAL_LLEGADA,ID_VUELO,ID_PILOTO,ID_COPILOTO,ID_AVION) values (20,to_timestamp('22-MAY-18 03.38.00.000000000 AM','DD-MON-RR HH.MI.SSXFF AM'),to_timestamp('22-MAY-18 03.38.00.000000000 AM','DD-MON-RR HH.MI.SSXFF AM'),'En_vuelo',8,75,1,to_timestamp('22-MAY-18 04.38.00.000000000 AM','DD-MON-RR HH.MI.SSXFF AM'),null,21,null,null,null);
Insert into  ITINERARIOS (ID,HORA_ESTIMADA_SALIDA,HORA_REAL_SALIDA,ESTADO,TOTAL_PASAJEROS_PRIMERACLASE,TOTAL_PASAJEROS_CLASEECONOMICA,DURACION_REAL,HORA_ESTIMADA_LLEGADA,HORA_REAL_LLEGADA,ID_VUELO,ID_PILOTO,ID_COPILOTO,ID_AVION) values (21,to_timestamp('19-MAY-18 03.30.36.544000000 PM','DD-MON-RR HH.MI.SSXFF AM'),to_timestamp('19-MAY-18 03.30.39.544000000 PM','DD-MON-RR HH.MI.SSXFF AM'),'Aterrizado',8,75,1,to_timestamp('19-MAY-18 04.40.36.544000000 PM','DD-MON-RR HH.MI.SSXFF AM'),to_timestamp('19-MAY-18 04.45.36.544000000 PM','DD-MON-RR HH.MI.SSXFF AM'),26,1,2,23);
Insert into  ITINERARIOS (ID,HORA_ESTIMADA_SALIDA,HORA_REAL_SALIDA,ESTADO,TOTAL_PASAJEROS_PRIMERACLASE,TOTAL_PASAJEROS_CLASEECONOMICA,DURACION_REAL,HORA_ESTIMADA_LLEGADA,HORA_REAL_LLEGADA,ID_VUELO,ID_PILOTO,ID_COPILOTO,ID_AVION) values (22,to_timestamp('22-MAY-18 04.30.00.000000000 AM','DD-MON-RR HH.MI.SSXFF AM'),to_timestamp('22-MAY-18 04.30.00.000000000 AM','DD-MON-RR HH.MI.SSXFF AM'),'En_vuelo',8,75,1,to_timestamp('22-MAY-18 05.30.00.000000000 AM','DD-MON-RR HH.MI.SSXFF AM'),null,52,null,null,null);
Insert into  ITINERARIOS (ID,HORA_ESTIMADA_SALIDA,HORA_REAL_SALIDA,ESTADO,TOTAL_PASAJEROS_PRIMERACLASE,TOTAL_PASAJEROS_CLASEECONOMICA,DURACION_REAL,HORA_ESTIMADA_LLEGADA,HORA_REAL_LLEGADA,ID_VUELO,ID_PILOTO,ID_COPILOTO,ID_AVION) values (23,to_timestamp('24-MAY-18 01.00.00.000000000 AM','DD-MON-RR HH.MI.SSXFF AM'),to_timestamp('24-MAY-18 01.01.00.000000000 AM','DD-MON-RR HH.MI.SSXFF AM'),'Aterrizado',8,75,1,to_timestamp('24-MAY-18 01.59.00.000000000 AM','DD-MON-RR HH.MI.SSXFF AM'),to_timestamp('24-MAY-18 01.59.00.000000000 AM','DD-MON-RR HH.MI.SSXFF AM'),52,1,2,39);
--LOGS
Insert into  LOGS (ID,HORA,UTC,ALTITUD,VELOCIDAD,DIRECCION,LONGITUD,LATITUD,ID_ITINERARIO) values (1,'1520741793                                                                      ','2018-03-11T04:16:33Z                                                                     ','0','2','258','-74141899','4700993',1);
Insert into  LOGS (ID,HORA,UTC,ALTITUD,VELOCIDAD,DIRECCION,LONGITUD,LATITUD,ID_ITINERARIO) values (2,'1520741838                                                                      ','2018-03-11T04:17:18Z                                                                     ','0','2','295','-74141624','4701089',2);
Insert into  LOGS (ID,HORA,UTC,ALTITUD,VELOCIDAD,DIRECCION,LONGITUD,LATITUD,ID_ITINERARIO) values (3,'1520741917                                                                      ','2018-03-11T04:18:37Z                                                                     ','0','2','300','-74141487','4701055',3);
Insert into  LOGS (ID,HORA,UTC,ALTITUD,VELOCIDAD,DIRECCION,LONGITUD,LATITUD,ID_ITINERARIO) values (4,'1520741969                                                                      ','2018-03-11T04:19:29Z                                                                     ','0','2','315','-74141716','4701279',4);
Insert into  LOGS (ID,HORA,UTC,ALTITUD,VELOCIDAD,DIRECCION,LONGITUD,LATITUD,ID_ITINERARIO) values (5,'1520742193                                                                      ','2018-03-11T04:23:13Z                                                                     ','0','18','317','-74142181','4701636',5);
Insert into  LOGS (ID,HORA,UTC,ALTITUD,VELOCIDAD,DIRECCION,LONGITUD,LATITUD,ID_ITINERARIO) values (6,'1520742284                                                                      ','2018-03-11T04:24:44Z                                                                     ','0','21','25','-7414325','4704071',6);
Insert into  LOGS (ID,HORA,UTC,ALTITUD,VELOCIDAD,DIRECCION,LONGITUD,LATITUD,ID_ITINERARIO) values (7,'1520742291                                                                      ','2018-03-11T04:24:51Z                                                                     ','0','21','331','-74143402','470438',7);
Insert into  LOGS (ID,HORA,UTC,ALTITUD,VELOCIDAD,DIRECCION,LONGITUD,LATITUD,ID_ITINERARIO) values (8,'1520742299                                                                      ','2018-03-11T04:24:59Z                                                                     ','0','22','312','-741437','4704581',8);
Insert into  LOGS (ID,HORA,UTC,ALTITUD,VELOCIDAD,DIRECCION,LONGITUD,LATITUD,ID_ITINERARIO) values (9,'1520742311                                                                      ','2018-03-11T04:25:11Z                                                                     ','0','23','312','-74144112','4704872',9);
Insert into  LOGS (ID,HORA,UTC,ALTITUD,VELOCIDAD,DIRECCION,LONGITUD,LATITUD,ID_ITINERARIO) values (10,'1520742317                                                                      ','2018-03-11T04:25:17Z                                                                     ','0','24','312','-74144318','4705032',10);
Insert into  LOGS (ID,HORA,UTC,ALTITUD,VELOCIDAD,DIRECCION,LONGITUD,LATITUD,ID_ITINERARIO) values (11,'1520742324                                                                      ','2018-03-11T04:25:24Z                                                                     ','0','25','312','-74144539','4705204',11);
Insert into  LOGS (ID,HORA,UTC,ALTITUD,VELOCIDAD,DIRECCION,LONGITUD,LATITUD,ID_ITINERARIO) values (12,'1520742332                                                                      ','2018-03-11T04:25:32Z                                                                     ','0','26','312','-7414489','4705477',12);
Insert into  LOGS (ID,HORA,UTC,ALTITUD,VELOCIDAD,DIRECCION,LONGITUD,LATITUD,ID_ITINERARIO) values (13,'1520742338                                                                      ','2018-03-11T04:25:38Z                                                                     ','0','27','312','-74145142','4705651',13);
Insert into  LOGS (ID,HORA,UTC,ALTITUD,VELOCIDAD,DIRECCION,LONGITUD,LATITUD,ID_ITINERARIO) values (14,'1520742344                                                                      ','2018-03-11T04:25:44Z                                                                     ','0','28','312','-74145401','4705856',14);
Insert into  LOGS (ID,HORA,UTC,ALTITUD,VELOCIDAD,DIRECCION,LONGITUD,LATITUD,ID_ITINERARIO) values (15,'1520742351                                                                      ','2018-03-11T04:25:51Z                                                                     ','0','29','312','-7414563','4706024',15);
Insert into  LOGS (ID,HORA,UTC,ALTITUD,VELOCIDAD,DIRECCION,LONGITUD,LATITUD,ID_ITINERARIO) values (16,'1520742359                                                                      ','2018-03-11T04:25:59Z                                                                     ','0','31','312','-74146111','4706396',16);
Insert into  LOGS (ID,HORA,UTC,ALTITUD,VELOCIDAD,DIRECCION,LONGITUD,LATITUD,ID_ITINERARIO) values (17,'1520742365                                                                      ','2018-03-11T04:26:05Z                                                                     ','0','31','312','-74146339','4706559',17);
Insert into  LOGS (ID,HORA,UTC,ALTITUD,VELOCIDAD,DIRECCION,LONGITUD,LATITUD,ID_ITINERARIO) values (18,'1520742371                                                                      ','2018-03-11T04:26:11Z                                                                     ','0','33','315','-74146706','4706852',18);
Insert into  LOGS (ID,HORA,UTC,ALTITUD,VELOCIDAD,DIRECCION,LONGITUD,LATITUD,ID_ITINERARIO) values (19,'1520742380                                                                      ','2018-03-11T04:26:20Z                                                                     ','0','34','312','-74147163','4707188',19);
--PASAJEROS
Insert into  PASAJEROS (ID,NOMBRES,APELLIDOS,EDAD,IDENTIFICACION,TIPO_DOCUMENTO) values (1,'Anthony','Huffman',68,683937,'DNI');
Insert into  PASAJEROS (ID,NOMBRES,APELLIDOS,EDAD,IDENTIFICACION,TIPO_DOCUMENTO) values (2,'Hannah','Lara',23,230803,'Cedula');
Insert into  PASAJEROS (ID,NOMBRES,APELLIDOS,EDAD,IDENTIFICACION,TIPO_DOCUMENTO) values (3,'Thane','Wilder',79,197826,'DNI');
Insert into  PASAJEROS (ID,NOMBRES,APELLIDOS,EDAD,IDENTIFICACION,TIPO_DOCUMENTO) values (4,'Azalia','Ray',22,929145,'Cedula');
Insert into  PASAJEROS (ID,NOMBRES,APELLIDOS,EDAD,IDENTIFICACION,TIPO_DOCUMENTO) values (5,'Belle','Sharp',15,690211,'DNI');
Insert into  PASAJEROS (ID,NOMBRES,APELLIDOS,EDAD,IDENTIFICACION,TIPO_DOCUMENTO) values (6,'Malachi','Munoz',90,337449,'DNI');
Insert into  PASAJEROS (ID,NOMBRES,APELLIDOS,EDAD,IDENTIFICACION,TIPO_DOCUMENTO) values (7,'Kyla','Bruce',73,833910,'DNI');
Insert into  PASAJEROS (ID,NOMBRES,APELLIDOS,EDAD,IDENTIFICACION,TIPO_DOCUMENTO) values (8,'Samson','Rose',54,137392,'Cedula_de_extranjeria');
Insert into  PASAJEROS (ID,NOMBRES,APELLIDOS,EDAD,IDENTIFICACION,TIPO_DOCUMENTO) values (9,'Jade','Mendez',50,498285,'Cedula_de_extranjeria');
Insert into  PASAJEROS (ID,NOMBRES,APELLIDOS,EDAD,IDENTIFICACION,TIPO_DOCUMENTO) values (10,'Paloma','Mccormick',75,540518,'Cedula');
Insert into  PASAJEROS (ID,NOMBRES,APELLIDOS,EDAD,IDENTIFICACION,TIPO_DOCUMENTO) values (11,'Brennan','Beck',89,500553,'Cedula_de_extranjeria');
Insert into  PASAJEROS (ID,NOMBRES,APELLIDOS,EDAD,IDENTIFICACION,TIPO_DOCUMENTO) values (12,'Rashad','Carpenter',51,468024,'Cedula');
Insert into  PASAJEROS (ID,NOMBRES,APELLIDOS,EDAD,IDENTIFICACION,TIPO_DOCUMENTO) values (13,'Karly','Bryan',32,289868,'DNI');
Insert into  PASAJEROS (ID,NOMBRES,APELLIDOS,EDAD,IDENTIFICACION,TIPO_DOCUMENTO) values (14,'Alea','Holcomb',58,428115,'DNI');
Insert into  PASAJEROS (ID,NOMBRES,APELLIDOS,EDAD,IDENTIFICACION,TIPO_DOCUMENTO) values (15,'Kylie','Mitchell',28,315458,'Pasaporte');
Insert into  PASAJEROS (ID,NOMBRES,APELLIDOS,EDAD,IDENTIFICACION,TIPO_DOCUMENTO) values (16,'Germaine','Allen',88,715203,'Cedula_de_extranjeria');
Insert into  PASAJEROS (ID,NOMBRES,APELLIDOS,EDAD,IDENTIFICACION,TIPO_DOCUMENTO) values (17,'Chelsea','Buckley',70,184447,'Cedula_de_extranjeria');
Insert into  PASAJEROS (ID,NOMBRES,APELLIDOS,EDAD,IDENTIFICACION,TIPO_DOCUMENTO) values (18,'Dylan','Carter',72,415054,'DNI');
Insert into  PASAJEROS (ID,NOMBRES,APELLIDOS,EDAD,IDENTIFICACION,TIPO_DOCUMENTO) values (19,'Colt','Wiley',6,465319,'DNI');
Insert into  PASAJEROS (ID,NOMBRES,APELLIDOS,EDAD,IDENTIFICACION,TIPO_DOCUMENTO) values (20,'Lucy','Lopez',74,281383,'Cedula');
Insert into  PASAJEROS (ID,NOMBRES,APELLIDOS,EDAD,IDENTIFICACION,TIPO_DOCUMENTO) values (21,'Derek','Aguilar',61,182235,'DNI');
Insert into  PASAJEROS (ID,NOMBRES,APELLIDOS,EDAD,IDENTIFICACION,TIPO_DOCUMENTO) values (22,'Teagan','Hopkins',4,846464,'DNI');
Insert into  PASAJEROS (ID,NOMBRES,APELLIDOS,EDAD,IDENTIFICACION,TIPO_DOCUMENTO) values (23,'Shay','Mcdowell',6,709190,'DNI');
Insert into  PASAJEROS (ID,NOMBRES,APELLIDOS,EDAD,IDENTIFICACION,TIPO_DOCUMENTO) values (24,'Lara','Pittman',72,910051,'Cedula_de_extranjeria');
Insert into  PASAJEROS (ID,NOMBRES,APELLIDOS,EDAD,IDENTIFICACION,TIPO_DOCUMENTO) values (25,'Kylie','Conway',58,942145,'Pasaporte');
Insert into  PASAJEROS (ID,NOMBRES,APELLIDOS,EDAD,IDENTIFICACION,TIPO_DOCUMENTO) values (26,'Wyatt','Schneider',50,934419,'Cedula_de_extranjeria');
Insert into  PASAJEROS (ID,NOMBRES,APELLIDOS,EDAD,IDENTIFICACION,TIPO_DOCUMENTO) values (27,'Demetria','Rodriguez',73,720348,'Cedula_de_extranjeria');
Insert into  PASAJEROS (ID,NOMBRES,APELLIDOS,EDAD,IDENTIFICACION,TIPO_DOCUMENTO) values (28,'Denise','Rojas',40,835107,'Cedula_de_extranjeria');
Insert into  PASAJEROS (ID,NOMBRES,APELLIDOS,EDAD,IDENTIFICACION,TIPO_DOCUMENTO) values (29,'Violet','Bates',62,112688,'Pasaporte');
Insert into  PASAJEROS (ID,NOMBRES,APELLIDOS,EDAD,IDENTIFICACION,TIPO_DOCUMENTO) values (30,'Connor','Salinas',69,749087,'Cedula_de_extranjeria');
Insert into  PASAJEROS (ID,NOMBRES,APELLIDOS,EDAD,IDENTIFICACION,TIPO_DOCUMENTO) values (31,'Willow','Hobbs',7,548834,'Cedula');
Insert into  PASAJEROS (ID,NOMBRES,APELLIDOS,EDAD,IDENTIFICACION,TIPO_DOCUMENTO) values (32,'Amal','Walter',33,898361,'Pasaporte');
Insert into  PASAJEROS (ID,NOMBRES,APELLIDOS,EDAD,IDENTIFICACION,TIPO_DOCUMENTO) values (33,'Calista','Barton',47,239448,'Cedula_de_extranjeria');
Insert into  PASAJEROS (ID,NOMBRES,APELLIDOS,EDAD,IDENTIFICACION,TIPO_DOCUMENTO) values (34,'Phelan','Lawson',67,786153,'Cedula_de_extranjeria');
Insert into  PASAJEROS (ID,NOMBRES,APELLIDOS,EDAD,IDENTIFICACION,TIPO_DOCUMENTO) values (35,'Kay','Finley',33,447318,'DNI');
Insert into  PASAJEROS (ID,NOMBRES,APELLIDOS,EDAD,IDENTIFICACION,TIPO_DOCUMENTO) values (36,'MacKenzie','Knapp',55,759971,'Cedula');
Insert into  PASAJEROS (ID,NOMBRES,APELLIDOS,EDAD,IDENTIFICACION,TIPO_DOCUMENTO) values (37,'Ayanna','Bass',8,784541,'Pasaporte');
Insert into  PASAJEROS (ID,NOMBRES,APELLIDOS,EDAD,IDENTIFICACION,TIPO_DOCUMENTO) values (38,'Germaine','Newman',64,856731,'DNI');
Insert into  PASAJEROS (ID,NOMBRES,APELLIDOS,EDAD,IDENTIFICACION,TIPO_DOCUMENTO) values (39,'Rigel','Leblanc',3,645329,'DNI');
Insert into  PASAJEROS (ID,NOMBRES,APELLIDOS,EDAD,IDENTIFICACION,TIPO_DOCUMENTO) values (40,'Duncan','Riley',49,530151,'Pasaporte');
Insert into  PASAJEROS (ID,NOMBRES,APELLIDOS,EDAD,IDENTIFICACION,TIPO_DOCUMENTO) values (41,'Dawn','Fleming',12,742293,'DNI');
Insert into  PASAJEROS (ID,NOMBRES,APELLIDOS,EDAD,IDENTIFICACION,TIPO_DOCUMENTO) values (42,'Kyla','Jennings',24,647195,'Cedula');
Insert into  PASAJEROS (ID,NOMBRES,APELLIDOS,EDAD,IDENTIFICACION,TIPO_DOCUMENTO) values (43,'Nell','Rogers',27,978071,'Cedula');
Insert into  PASAJEROS (ID,NOMBRES,APELLIDOS,EDAD,IDENTIFICACION,TIPO_DOCUMENTO) values (44,'Hoyt','Webb',69,308776,'Cedula_de_extranjeria');
Insert into  PASAJEROS (ID,NOMBRES,APELLIDOS,EDAD,IDENTIFICACION,TIPO_DOCUMENTO) values (45,'Deborah','Hebert',33,365255,'DNI');
Insert into  PASAJEROS (ID,NOMBRES,APELLIDOS,EDAD,IDENTIFICACION,TIPO_DOCUMENTO) values (46,'Keefe','Cash',36,102633,'Pasaporte');
Insert into  PASAJEROS (ID,NOMBRES,APELLIDOS,EDAD,IDENTIFICACION,TIPO_DOCUMENTO) values (47,'Paki','Duke',26,238256,'Cedula_de_extranjeria');
Insert into  PASAJEROS (ID,NOMBRES,APELLIDOS,EDAD,IDENTIFICACION,TIPO_DOCUMENTO) values (48,'Anne','Waters',86,573836,'Cedula');
Insert into  PASAJEROS (ID,NOMBRES,APELLIDOS,EDAD,IDENTIFICACION,TIPO_DOCUMENTO) values (49,'Connor','Williamson',6,670684,'Pasaporte');
Insert into  PASAJEROS (ID,NOMBRES,APELLIDOS,EDAD,IDENTIFICACION,TIPO_DOCUMENTO) values (50,'Tobias','Bird',89,434669,'Pasaporte');
--PILOTOS
Insert into  PILOTOS (ID,NIVEL_INGLES,CARGO,CANTIDAD_HORAS_ACUMULADAS,TIPO_LICENCIA,ID_EMPLEADO) values (1,'Nivel_6_Expert','Piloto',1000,'CPL_ME',2);
Insert into  PILOTOS (ID,NIVEL_INGLES,CARGO,CANTIDAD_HORAS_ACUMULADAS,TIPO_LICENCIA,ID_EMPLEADO) values (2,'Nivel_4_Operational','Piloto',520,'ATPL',5);
Insert into  PILOTOS (ID,NIVEL_INGLES,CARGO,CANTIDAD_HORAS_ACUMULADAS,TIPO_LICENCIA,ID_EMPLEADO) values (3,'Nivel_5_Extended','Piloto',3000,'CPL',7);
Insert into  PILOTOS (ID,NIVEL_INGLES,CARGO,CANTIDAD_HORAS_ACUMULADAS,TIPO_LICENCIA,ID_EMPLEADO) values (4,'Nivel_4_Operational','Copiloto',450,'CPL_IFR',9);
Insert into  PILOTOS (ID,NIVEL_INGLES,CARGO,CANTIDAD_HORAS_ACUMULADAS,TIPO_LICENCIA,ID_EMPLEADO) values (5,'Nivel_1_Pre-elementary','Piloto',105,'CPL_ME',10);
Insert into  PILOTOS (ID,NIVEL_INGLES,CARGO,CANTIDAD_HORAS_ACUMULADAS,TIPO_LICENCIA,ID_EMPLEADO) values (6,'Nivel_2_Elementary','Piloto',986,'CPL_ME',13);
Insert into  PILOTOS (ID,NIVEL_INGLES,CARGO,CANTIDAD_HORAS_ACUMULADAS,TIPO_LICENCIA,ID_EMPLEADO) values (7,'Nivel_4_Operational','Piloto',247,'CPL_ME',18);
Insert into  PILOTOS (ID,NIVEL_INGLES,CARGO,CANTIDAD_HORAS_ACUMULADAS,TIPO_LICENCIA,ID_EMPLEADO) values (8,'Nivel_2_Elementary','Piloto',148,'CPL',21);
Insert into  PILOTOS (ID,NIVEL_INGLES,CARGO,CANTIDAD_HORAS_ACUMULADAS,TIPO_LICENCIA,ID_EMPLEADO) values (9,'Nivel_3_Pre-Operational','Piloto',986,'ATPL',23);
Insert into  PILOTOS (ID,NIVEL_INGLES,CARGO,CANTIDAD_HORAS_ACUMULADAS,TIPO_LICENCIA,ID_EMPLEADO) values (10,'Nivel_2_Elementary','Piloto',1000,'CPL_IFR',24);
Insert into  PILOTOS (ID,NIVEL_INGLES,CARGO,CANTIDAD_HORAS_ACUMULADAS,TIPO_LICENCIA,ID_EMPLEADO) values (11,'Nivel_3_Pre-Operational','Piloto',1431,'ATPL',27);
Insert into  PILOTOS (ID,NIVEL_INGLES,CARGO,CANTIDAD_HORAS_ACUMULADAS,TIPO_LICENCIA,ID_EMPLEADO) values (12,'Nivel_4_Operational','Piloto',123,'CPL_ME',30);
Insert into  PILOTOS (ID,NIVEL_INGLES,CARGO,CANTIDAD_HORAS_ACUMULADAS,TIPO_LICENCIA,ID_EMPLEADO) values (13,'Nivel_3_Pre-Operational','Piloto',113,'ATPL',34);
Insert into  PILOTOS (ID,NIVEL_INGLES,CARGO,CANTIDAD_HORAS_ACUMULADAS,TIPO_LICENCIA,ID_EMPLEADO) values (14,'Nivel_2_Elementary','Copiloto',714,'CPL_ME',36);
Insert into  PILOTOS (ID,NIVEL_INGLES,CARGO,CANTIDAD_HORAS_ACUMULADAS,TIPO_LICENCIA,ID_EMPLEADO) values (15,'Nivel_6_Expert','Copiloto',215,'ATPL',40);
Insert into  PILOTOS (ID,NIVEL_INGLES,CARGO,CANTIDAD_HORAS_ACUMULADAS,TIPO_LICENCIA,ID_EMPLEADO) values (16,'Nivel_5_Extended','Copiloto',816,'CPL_IFR',42);
Insert into  PILOTOS (ID,NIVEL_INGLES,CARGO,CANTIDAD_HORAS_ACUMULADAS,TIPO_LICENCIA,ID_EMPLEADO) values (17,'Nivel_5_Extended','Piloto',417,'CPL_ME',46);
Insert into  PILOTOS (ID,NIVEL_INGLES,CARGO,CANTIDAD_HORAS_ACUMULADAS,TIPO_LICENCIA,ID_EMPLEADO) values (18,'Nivel_1_Pre-elementary','Copiloto',118,'CPL',48);
Insert into  PILOTOS (ID,NIVEL_INGLES,CARGO,CANTIDAD_HORAS_ACUMULADAS,TIPO_LICENCIA,ID_EMPLEADO) values (19,'Nivel_1_Pre-elementary','Piloto',819,'CPL_ME',49);
Insert into  PILOTOS (ID,NIVEL_INGLES,CARGO,CANTIDAD_HORAS_ACUMULADAS,TIPO_LICENCIA,ID_EMPLEADO) values (20,'Nivel_1_Pre-elementary','Piloto',720,'ATPL',50);
Insert into  PILOTOS (ID,NIVEL_INGLES,CARGO,CANTIDAD_HORAS_ACUMULADAS,TIPO_LICENCIA,ID_EMPLEADO) values (21,'Nivel_4_Operational','Piloto',261,'CPL_IFR',51);
Insert into  PILOTOS (ID,NIVEL_INGLES,CARGO,CANTIDAD_HORAS_ACUMULADAS,TIPO_LICENCIA,ID_EMPLEADO) values (22,'Nivel_3_Pre-Operational','Copiloto',202,'CPL_ME',45);
--RUTAS
Insert into  RUTAS (ID,DURACION_PROMEDIO,DISTANCIA,NUMERO_DE_VUELO,ID_AEROPUERTO_ORIGEN,ID_AEROPUERTO_DESTINO) values (1,8,'419KM','A20N _ 12',3,28);
Insert into  RUTAS (ID,DURACION_PROMEDIO,DISTANCIA,NUMERO_DE_VUELO,ID_AEROPUERTO_ORIGEN,ID_AEROPUERTO_DESTINO) values (2,2,'132KM','A20N _ 12',8,7);
Insert into  RUTAS (ID,DURACION_PROMEDIO,DISTANCIA,NUMERO_DE_VUELO,ID_AEROPUERTO_ORIGEN,ID_AEROPUERTO_DESTINO) values (3,5,'356KM','A20N _ 12',18,6);
Insert into  RUTAS (ID,DURACION_PROMEDIO,DISTANCIA,NUMERO_DE_VUELO,ID_AEROPUERTO_ORIGEN,ID_AEROPUERTO_DESTINO) values (4,6,'398KM','A20N _ 12',20,9);
Insert into  RUTAS (ID,DURACION_PROMEDIO,DISTANCIA,NUMERO_DE_VUELO,ID_AEROPUERTO_ORIGEN,ID_AEROPUERTO_DESTINO) values (5,8,'419KM','A20N _ 12',5,38);
Insert into  RUTAS (ID,DURACION_PROMEDIO,DISTANCIA,NUMERO_DE_VUELO,ID_AEROPUERTO_ORIGEN,ID_AEROPUERTO_DESTINO) values (6,10,'632KM','A20N _ 12',34,9);
Insert into  RUTAS (ID,DURACION_PROMEDIO,DISTANCIA,NUMERO_DE_VUELO,ID_AEROPUERTO_ORIGEN,ID_AEROPUERTO_DESTINO) values (7,8,'419KM','A20N _ 12',8,21);
Insert into  RUTAS (ID,DURACION_PROMEDIO,DISTANCIA,NUMERO_DE_VUELO,ID_AEROPUERTO_ORIGEN,ID_AEROPUERTO_DESTINO) values (8,16,'838KM','A20N _ 12',4,45);
Insert into  RUTAS (ID,DURACION_PROMEDIO,DISTANCIA,NUMERO_DE_VUELO,ID_AEROPUERTO_ORIGEN,ID_AEROPUERTO_DESTINO) values (9,4,'265KM','A20N _ 12',6,34);
Insert into  RUTAS (ID,DURACION_PROMEDIO,DISTANCIA,NUMERO_DE_VUELO,ID_AEROPUERTO_ORIGEN,ID_AEROPUERTO_DESTINO) values (10,8,'419KM','A20N _ 12',21,5);
Insert into  RUTAS (ID,DURACION_PROMEDIO,DISTANCIA,NUMERO_DE_VUELO,ID_AEROPUERTO_ORIGEN,ID_AEROPUERTO_DESTINO) values (11,18,'1022KM','A20N _ 12',4,5);
Insert into  RUTAS (ID,DURACION_PROMEDIO,DISTANCIA,NUMERO_DE_VUELO,ID_AEROPUERTO_ORIGEN,ID_AEROPUERTO_DESTINO) values (12,21,'1465KM','A20N _ 12',5,8);
Insert into  RUTAS (ID,DURACION_PROMEDIO,DISTANCIA,NUMERO_DE_VUELO,ID_AEROPUERTO_ORIGEN,ID_AEROPUERTO_DESTINO) values (13,7,'300KM','A21N _ 2',7,9);
Insert into  RUTAS (ID,DURACION_PROMEDIO,DISTANCIA,NUMERO_DE_VUELO,ID_AEROPUERTO_ORIGEN,ID_AEROPUERTO_DESTINO) values (14,8,'419KM','A21N _ 2',9,10);
Insert into  RUTAS (ID,DURACION_PROMEDIO,DISTANCIA,NUMERO_DE_VUELO,ID_AEROPUERTO_ORIGEN,ID_AEROPUERTO_DESTINO) values (15,8,'419KM','A318 _ 17',23,6);
Insert into  RUTAS (ID,DURACION_PROMEDIO,DISTANCIA,NUMERO_DE_VUELO,ID_AEROPUERTO_ORIGEN,ID_AEROPUERTO_DESTINO) values (16,2,'132KM','A318 _ 17',8,32);
Insert into  RUTAS (ID,DURACION_PROMEDIO,DISTANCIA,NUMERO_DE_VUELO,ID_AEROPUERTO_ORIGEN,ID_AEROPUERTO_DESTINO) values (17,5,'356KM','A318 _ 17',50,45);
Insert into  RUTAS (ID,DURACION_PROMEDIO,DISTANCIA,NUMERO_DE_VUELO,ID_AEROPUERTO_ORIGEN,ID_AEROPUERTO_DESTINO) values (18,6,'398KM','A318 _ 17',2,9);
Insert into  RUTAS (ID,DURACION_PROMEDIO,DISTANCIA,NUMERO_DE_VUELO,ID_AEROPUERTO_ORIGEN,ID_AEROPUERTO_DESTINO) values (19,8,'419KM','A318 _ 17',46,21);
Insert into  RUTAS (ID,DURACION_PROMEDIO,DISTANCIA,NUMERO_DE_VUELO,ID_AEROPUERTO_ORIGEN,ID_AEROPUERTO_DESTINO) values (20,10,'632KM','A318 _ 17',42,3);
Insert into  RUTAS (ID,DURACION_PROMEDIO,DISTANCIA,NUMERO_DE_VUELO,ID_AEROPUERTO_ORIGEN,ID_AEROPUERTO_DESTINO) values (21,8,'419KM','A318 _ 17',34,5);
Insert into  RUTAS (ID,DURACION_PROMEDIO,DISTANCIA,NUMERO_DE_VUELO,ID_AEROPUERTO_ORIGEN,ID_AEROPUERTO_DESTINO) values (22,16,'838KM','A318 _ 17',5,19);
Insert into  RUTAS (ID,DURACION_PROMEDIO,DISTANCIA,NUMERO_DE_VUELO,ID_AEROPUERTO_ORIGEN,ID_AEROPUERTO_DESTINO) values (23,4,'265KM','A318 _ 17',5,38);
Insert into  RUTAS (ID,DURACION_PROMEDIO,DISTANCIA,NUMERO_DE_VUELO,ID_AEROPUERTO_ORIGEN,ID_AEROPUERTO_DESTINO) values (24,4,'265KM','A319 _ 30',46,21);
Insert into  RUTAS (ID,DURACION_PROMEDIO,DISTANCIA,NUMERO_DE_VUELO,ID_AEROPUERTO_ORIGEN,ID_AEROPUERTO_DESTINO) values (25,8,'419KM','A319 _ 30',42,4);
Insert into  RUTAS (ID,DURACION_PROMEDIO,DISTANCIA,NUMERO_DE_VUELO,ID_AEROPUERTO_ORIGEN,ID_AEROPUERTO_DESTINO) values (26,18,'1022KM','A319 _ 30',34,5);
Insert into  RUTAS (ID,DURACION_PROMEDIO,DISTANCIA,NUMERO_DE_VUELO,ID_AEROPUERTO_ORIGEN,ID_AEROPUERTO_DESTINO) values (27,21,'1465KM','A319 _ 30',5,19);
Insert into  RUTAS (ID,DURACION_PROMEDIO,DISTANCIA,NUMERO_DE_VUELO,ID_AEROPUERTO_ORIGEN,ID_AEROPUERTO_DESTINO) values (28,7,'300KM','A319 _ 30',38,10);
Insert into  RUTAS (ID,DURACION_PROMEDIO,DISTANCIA,NUMERO_DE_VUELO,ID_AEROPUERTO_ORIGEN,ID_AEROPUERTO_DESTINO) values (29,8,'419KM','A319 _ 30',23,6);
Insert into  RUTAS (ID,DURACION_PROMEDIO,DISTANCIA,NUMERO_DE_VUELO,ID_AEROPUERTO_ORIGEN,ID_AEROPUERTO_DESTINO) values (30,2,'132KM','A319 _ 30',7,32);
Insert into  RUTAS (ID,DURACION_PROMEDIO,DISTANCIA,NUMERO_DE_VUELO,ID_AEROPUERTO_ORIGEN,ID_AEROPUERTO_DESTINO) values (31,1,'80KM','A319 _ 30',6,45);
Insert into  RUTAS (ID,DURACION_PROMEDIO,DISTANCIA,NUMERO_DE_VUELO,ID_AEROPUERTO_ORIGEN,ID_AEROPUERTO_DESTINO) values (32,3,'289KM','A319 _ 30',9,34);
Insert into  RUTAS (ID,DURACION_PROMEDIO,DISTANCIA,NUMERO_DE_VUELO,ID_AEROPUERTO_ORIGEN,ID_AEROPUERTO_DESTINO) values (33,4,'265KM','A319 _ 30',46,21);
Insert into  RUTAS (ID,DURACION_PROMEDIO,DISTANCIA,NUMERO_DE_VUELO,ID_AEROPUERTO_ORIGEN,ID_AEROPUERTO_DESTINO) values (34,8,'419KM','A319 _ 30',42,4);
Insert into  RUTAS (ID,DURACION_PROMEDIO,DISTANCIA,NUMERO_DE_VUELO,ID_AEROPUERTO_ORIGEN,ID_AEROPUERTO_DESTINO) values (35,18,'1022KM','A319 _ 30',34,5);
Insert into  RUTAS (ID,DURACION_PROMEDIO,DISTANCIA,NUMERO_DE_VUELO,ID_AEROPUERTO_ORIGEN,ID_AEROPUERTO_DESTINO) values (36,8,'419KM','A320 _ 90',23,6);
Insert into  RUTAS (ID,DURACION_PROMEDIO,DISTANCIA,NUMERO_DE_VUELO,ID_AEROPUERTO_ORIGEN,ID_AEROPUERTO_DESTINO) values (37,2,'132KM','A320 _ 90',8,32);
Insert into  RUTAS (ID,DURACION_PROMEDIO,DISTANCIA,NUMERO_DE_VUELO,ID_AEROPUERTO_ORIGEN,ID_AEROPUERTO_DESTINO) values (38,5,'356KM','A320 _ 90',49,45);
Insert into  RUTAS (ID,DURACION_PROMEDIO,DISTANCIA,NUMERO_DE_VUELO,ID_AEROPUERTO_ORIGEN,ID_AEROPUERTO_DESTINO) values (39,6,'398KM','A320 _ 90',2,9);
Insert into  RUTAS (ID,DURACION_PROMEDIO,DISTANCIA,NUMERO_DE_VUELO,ID_AEROPUERTO_ORIGEN,ID_AEROPUERTO_DESTINO) values (40,8,'419KM','A320 _ 90',46,21);
Insert into  RUTAS (ID,DURACION_PROMEDIO,DISTANCIA,NUMERO_DE_VUELO,ID_AEROPUERTO_ORIGEN,ID_AEROPUERTO_DESTINO) values (41,10,'632KM','A320 _ 90',42,4);
Insert into  RUTAS (ID,DURACION_PROMEDIO,DISTANCIA,NUMERO_DE_VUELO,ID_AEROPUERTO_ORIGEN,ID_AEROPUERTO_DESTINO) values (42,8,'419KM','A320 _ 90',34,5);
Insert into  RUTAS (ID,DURACION_PROMEDIO,DISTANCIA,NUMERO_DE_VUELO,ID_AEROPUERTO_ORIGEN,ID_AEROPUERTO_DESTINO) values (43,16,'838KM','A320 _ 90',5,19);
Insert into  RUTAS (ID,DURACION_PROMEDIO,DISTANCIA,NUMERO_DE_VUELO,ID_AEROPUERTO_ORIGEN,ID_AEROPUERTO_DESTINO) values (44,4,'265KM','A320 _ 90',5,39);
Insert into  RUTAS (ID,DURACION_PROMEDIO,DISTANCIA,NUMERO_DE_VUELO,ID_AEROPUERTO_ORIGEN,ID_AEROPUERTO_DESTINO) values (45,8,'419KM','A320 _ 90',8,23);
Insert into  RUTAS (ID,DURACION_PROMEDIO,DISTANCIA,NUMERO_DE_VUELO,ID_AEROPUERTO_ORIGEN,ID_AEROPUERTO_DESTINO) values (46,18,'1022KM','A320 _ 90',9,8);
Insert into  RUTAS (ID,DURACION_PROMEDIO,DISTANCIA,NUMERO_DE_VUELO,ID_AEROPUERTO_ORIGEN,ID_AEROPUERTO_DESTINO) values (47,21,'1465KM','A320 _ 90',10,16);
Insert into  RUTAS (ID,DURACION_PROMEDIO,DISTANCIA,NUMERO_DE_VUELO,ID_AEROPUERTO_ORIGEN,ID_AEROPUERTO_DESTINO) values (48,7,'300KM','A320 _ 90',6,2);
Insert into  RUTAS (ID,DURACION_PROMEDIO,DISTANCIA,NUMERO_DE_VUELO,ID_AEROPUERTO_ORIGEN,ID_AEROPUERTO_DESTINO) values (49,8,'419KM','A320 _ 90',32,46);
Insert into  RUTAS (ID,DURACION_PROMEDIO,DISTANCIA,NUMERO_DE_VUELO,ID_AEROPUERTO_ORIGEN,ID_AEROPUERTO_DESTINO) values (50,8,'419KM','A320 _ 90',45,42);
Insert into  RUTAS (ID,DURACION_PROMEDIO,DISTANCIA,NUMERO_DE_VUELO,ID_AEROPUERTO_ORIGEN,ID_AEROPUERTO_DESTINO) values (51,8,'419KM','A20N _ 12',3,28);
--VUELOS
Insert into  VUELOS (ID,NOMBRE,FRECUENCIA_SEMANAL,ID_RUTA) values (1,'A20N _ 12',2,10);
Insert into  VUELOS (ID,NOMBRE,FRECUENCIA_SEMANAL,ID_RUTA) values (2,'A20N _ 12',2,21);
Insert into  VUELOS (ID,NOMBRE,FRECUENCIA_SEMANAL,ID_RUTA) values (3,'A20N _ 12',2,23);
Insert into  VUELOS (ID,NOMBRE,FRECUENCIA_SEMANAL,ID_RUTA) values (4,'A20N _ 12',2,14);
Insert into  VUELOS (ID,NOMBRE,FRECUENCIA_SEMANAL,ID_RUTA) values (5,'A20N _ 12',2,14);
Insert into  VUELOS (ID,NOMBRE,FRECUENCIA_SEMANAL,ID_RUTA) values (6,'A20N _ 12',2,6);
Insert into  VUELOS (ID,NOMBRE,FRECUENCIA_SEMANAL,ID_RUTA) values (7,'A20N _ 12',2,5);
Insert into  VUELOS (ID,NOMBRE,FRECUENCIA_SEMANAL,ID_RUTA) values (8,'A20N _ 12',2,8);
Insert into  VUELOS (ID,NOMBRE,FRECUENCIA_SEMANAL,ID_RUTA) values (9,'A20N _ 12',2,19);
Insert into  VUELOS (ID,NOMBRE,FRECUENCIA_SEMANAL,ID_RUTA) values (10,'A20N _ 12',2,12);
Insert into  VUELOS (ID,NOMBRE,FRECUENCIA_SEMANAL,ID_RUTA) values (11,'A20N _ 12',2,21);
Insert into  VUELOS (ID,NOMBRE,FRECUENCIA_SEMANAL,ID_RUTA) values (12,'A20N _ 12',2,42);
Insert into  VUELOS (ID,NOMBRE,FRECUENCIA_SEMANAL,ID_RUTA) values (13,'A21N _ 2',8,13);
Insert into  VUELOS (ID,NOMBRE,FRECUENCIA_SEMANAL,ID_RUTA) values (14,'A21N _ 2',8,6);
Insert into  VUELOS (ID,NOMBRE,FRECUENCIA_SEMANAL,ID_RUTA) values (15,'A318 _ 17',8,2);
Insert into  VUELOS (ID,NOMBRE,FRECUENCIA_SEMANAL,ID_RUTA) values (16,'A318 _ 17',8,16);
Insert into  VUELOS (ID,NOMBRE,FRECUENCIA_SEMANAL,ID_RUTA) values (17,'A318 _ 17',8,37);
Insert into  VUELOS (ID,NOMBRE,FRECUENCIA_SEMANAL,ID_RUTA) values (18,'A318 _ 17',8,5);
Insert into  VUELOS (ID,NOMBRE,FRECUENCIA_SEMANAL,ID_RUTA) values (19,'A318 _ 17',8,29);
Insert into  VUELOS (ID,NOMBRE,FRECUENCIA_SEMANAL,ID_RUTA) values (20,'A318 _ 17',8,10);
Insert into  VUELOS (ID,NOMBRE,FRECUENCIA_SEMANAL,ID_RUTA) values (21,'A318 _ 17',8,41);
Insert into  VUELOS (ID,NOMBRE,FRECUENCIA_SEMANAL,ID_RUTA) values (22,'A318 _ 17',8,22);
Insert into  VUELOS (ID,NOMBRE,FRECUENCIA_SEMANAL,ID_RUTA) values (23,'A318 _ 17',8,22);
Insert into  VUELOS (ID,NOMBRE,FRECUENCIA_SEMANAL,ID_RUTA) values (24,'A318 _ 17',8,14);
Insert into  VUELOS (ID,NOMBRE,FRECUENCIA_SEMANAL,ID_RUTA) values (25,'A318 _ 17',8,23);
Insert into  VUELOS (ID,NOMBRE,FRECUENCIA_SEMANAL,ID_RUTA) values (26,'A318 _ 17',8,13);
Insert into  VUELOS (ID,NOMBRE,FRECUENCIA_SEMANAL,ID_RUTA) values (27,'A318 _ 17',8,15);
Insert into  VUELOS (ID,NOMBRE,FRECUENCIA_SEMANAL,ID_RUTA) values (28,'A318 _ 17',8,23);
Insert into  VUELOS (ID,NOMBRE,FRECUENCIA_SEMANAL,ID_RUTA) values (29,'A318 _ 17',8,14);
Insert into  VUELOS (ID,NOMBRE,FRECUENCIA_SEMANAL,ID_RUTA) values (30,'A318 _ 17',8,23);
Insert into  VUELOS (ID,NOMBRE,FRECUENCIA_SEMANAL,ID_RUTA) values (31,'A318 _ 17',8,23);
Insert into  VUELOS (ID,NOMBRE,FRECUENCIA_SEMANAL,ID_RUTA) values (32,'A319 _ 30',2,1);
Insert into  VUELOS (ID,NOMBRE,FRECUENCIA_SEMANAL,ID_RUTA) values (33,'A319 _ 30',2,1);
Insert into  VUELOS (ID,NOMBRE,FRECUENCIA_SEMANAL,ID_RUTA) values (34,'A319 _ 30',2,2);
Insert into  VUELOS (ID,NOMBRE,FRECUENCIA_SEMANAL,ID_RUTA) values (35,'A319 _ 30',2,23);
Insert into  VUELOS (ID,NOMBRE,FRECUENCIA_SEMANAL,ID_RUTA) values (36,'A319 _ 30',2,32);
Insert into  VUELOS (ID,NOMBRE,FRECUENCIA_SEMANAL,ID_RUTA) values (37,'A319 _ 30',2,14);
Insert into  VUELOS (ID,NOMBRE,FRECUENCIA_SEMANAL,ID_RUTA) values (38,'A319 _ 30',2,12);
Insert into  VUELOS (ID,NOMBRE,FRECUENCIA_SEMANAL,ID_RUTA) values (39,'A319 _ 30',2,42);
Insert into  VUELOS (ID,NOMBRE,FRECUENCIA_SEMANAL,ID_RUTA) values (40,'A319 _ 30',2,10);
Insert into  VUELOS (ID,NOMBRE,FRECUENCIA_SEMANAL,ID_RUTA) values (41,'A319 _ 30',2,11);
Insert into  VUELOS (ID,NOMBRE,FRECUENCIA_SEMANAL,ID_RUTA) values (42,'A319 _ 30',2,11);
Insert into  VUELOS (ID,NOMBRE,FRECUENCIA_SEMANAL,ID_RUTA) values (43,'A319 _ 30',2,9);
Insert into  VUELOS (ID,NOMBRE,FRECUENCIA_SEMANAL,ID_RUTA) values (44,'A319 _ 30',2,23);
Insert into  VUELOS (ID,NOMBRE,FRECUENCIA_SEMANAL,ID_RUTA) values (45,'A319 _ 30',2,5);
Insert into  VUELOS (ID,NOMBRE,FRECUENCIA_SEMANAL,ID_RUTA) values (46,'A319 _ 30',2,23);
Insert into  VUELOS (ID,NOMBRE,FRECUENCIA_SEMANAL,ID_RUTA) values (47,'A319 _ 30',2,23);
Insert into  VUELOS (ID,NOMBRE,FRECUENCIA_SEMANAL,ID_RUTA) values (48,'A319 _ 30',2,1);
Insert into  VUELOS (ID,NOMBRE,FRECUENCIA_SEMANAL,ID_RUTA) values (49,'A319 _ 30',2,5);
Insert into  VUELOS (ID,NOMBRE,FRECUENCIA_SEMANAL,ID_RUTA) values (50,'A319 _ 30',2,14);
Insert into  VUELOS (ID,NOMBRE,FRECUENCIA_SEMANAL,ID_RUTA) values (51,'A319 _ 30',2,39);
Insert into  VUELOS (ID,NOMBRE,FRECUENCIA_SEMANAL,ID_RUTA) values (52,'A318 _ 17',8,20);
Insert into  VUELOS (ID,NOMBRE,FRECUENCIA_SEMANAL,ID_RUTA) values (53,'A318 _ 17',2,34);
Insert into  VUELOS (ID,NOMBRE,FRECUENCIA_SEMANAL,ID_RUTA) values (54,'A318 _ 17',2,25);

